id_employee,first_name,last_name,gender,age,department,work_modality,annual_salary_usd
100000,Terri,Lenz,Male,48,Support,Remote,45552.00
100001,Perice,Sheehan,Male,36,Support,On-site,44904.00
100002,Gordie,Gable,Male,51,Support,On-site,45384.00
100003,Rasla,Burrows,Female,26,Engineering,Hybrid,68856.00
100004,Walden,Eliassen,Male,50,Support,Hybrid,52056.00
100005,Arney,Liveley,Male,49,Engineering,Remote,58272.00
100006,Jenna,McMackin,Female,42,Engineering,Hybrid,64788.00
100007,Waylan,Garstan,Male,34,Services,Hybrid,61728.00
100008,Cindelyn,Jentin,Female,42,Engineering,Remote,69804.00
100009,Granville,Tittershill,Male,33,Sales,Remote,36156.00
100010,Marsha,Judron,Female,45,Engineering,Hybrid,67104.00
100011,Thaine,Godber,Female,44,Engineering,Hybrid,55872.00
100012,Baird,Mussotti,Male,54,Sales,Hybrid,55728.00
100013,Merv,Lodder,Male,30,"Human Resources",On-site,38616.00
100014,Obed,Vergine,Male,34,Services,Hybrid,62328.00
100015,Dinny,Gutman,Female,35,Engineering,Hybrid,45612.00
100016,Laure,Mahmood,Female,42,Support,On-site,44904.00
100017,Niles,Ashlin,Male,25,Marketing,Hybrid,43332.00
100018,Mar,Blasius,Male,46,Accounting,Hybrid,39564.00
100019,Querida,Roose,Female,43,Services,Hybrid,59820.00
100020,Tracy,Pentin,Male,53,Sales,Hybrid,53472.00
100021,Egon,Deem,Male,27,Engineering,Hybrid,48888.00
100022,Gilligan,Spare,Female,48,Services,Hybrid,49116.00
100023,Kit,Quick,Female,46,Support,Hybrid,46248.00
100024,Warner,Weir,Male,45,Accounting,Hybrid,44304.00
100025,Leontyne,Bergstram,Female,33,Services,Hybrid,40956.00
100026,Kylie,Almeida,Male,31,Marketing,Remote,41220.00
100027,Madelene,Beagin,Female,43,Marketing,Remote,47544.00
100028,Aubree,Hamner,Female,49,Engineering,Hybrid,64512.00
100029,Natasha,Thorsby,Female,53,Services,Hybrid,56256.00
100030,Ronald,Timmens,Male,35,Support,Hybrid,48204.00
100031,Jim,Batrim,Male,51,Support,Hybrid,54792.00
100032,Vite,Gonsalo,Male,36,Support,Hybrid,36132.00
100033,Verge,Winship,Male,31,Accounting,Hybrid,39756.00
100034,Lenci,Lots,Male,41,Engineering,Hybrid,65208.00
100035,Ulric,Nyssens,Male,41,Marketing,Hybrid,43512.00
100036,Rodge,Sherrard,Male,27,"Human Resources",Hybrid,39492.00
100037,Rip,Millea,Male,48,Support,Hybrid,45384.00
100038,Base,Jacquemet,Male,52,Marketing,Hybrid,54996.00
100039,Jens,Chappel,Male,54,Engineering,Hybrid,56736.00
100040,Orton,Low,Male,31,Sales,Hybrid,63576.00
100041,Franky,Eliez,Male,46,Engineering,Hybrid,68268.00
100042,Edgardo,Aylott,Male,45,Engineering,Hybrid,57768.00
100043,Darin,Potell,Male,46,Engineering,Hybrid,71316.00
100044,Griffin,Ladds,Male,44,Support,Hybrid,52896.00
100045,Marlo,Legg,Male,30,Accounting,Hybrid,44664.00
100046,Valeria,Demougeot,Female,54,Engineering,Hybrid,47376.00
100047,Shellysheldon,Coast,Male,47,Support,Hybrid,45384.00
100048,Waylen,Delaney,Male,26,Accounting,Hybrid,43068.00
100049,Richmond,Neno,Male,51,"Human Resources",Hybrid,38676.00
100050,Langsdon,Spier,Male,49,Sales,Remote,37752.00
100051,Tadeo,Fechnie,Male,40,Support,Hybrid,36228.00
100052,Olag,Urey,Male,39,Engineering,On-site,66108.00
100053,Theodoric,Pidgeley,Male,49,Accounting,Hybrid,38580.00
100054,Torrance,Pettet,Male,35,Accounting,Hybrid,58140.00
100055,Cleveland,Renols,Male,37,Support,Hybrid,41328.00
100056,Alex,Ainscow,Male,42,Support,On-site,81468.00
100057,Ruddy,Haylock,Male,39,Sales,Hybrid,51888.00
100058,Errol,Houseman,Male,31,Sales,Hybrid,46704.00
100059,Zeb,Perillio,Male,40,Support,Hybrid,58608.00
100060,Donaugh,Camidge,Male,35,Accounting,Hybrid,38148.00
100061,Vance,Whittock,Male,33,Engineering,On-site,61128.00
100062,Ramsay,"Le Conte",Male,50,Engineering,Hybrid,61584.00
100063,Trueman,Gut,Male,31,"Human Resources",On-site,52416.00
100064,Augustin,Westmerland,Male,30,Engineering,Hybrid,62976.00
100065,Tony,Haddick,Male,37,Support,Hybrid,69696.00
100066,Codie,Sommerlin,Male,29,Services,Hybrid,67188.00
100067,Steward,Silkston,Male,39,Engineering,Hybrid,71352.00
100068,Jaye,Spinke,Male,37,Accounting,Hybrid,42576.00
100069,Fina,Farlow,Female,27,Services,Hybrid,71976.00
100070,Nikoletta,Khrishtafovich,Female,32,Sales,Hybrid,59844.00
100071,Cale,"De Bruyne",Male,47,Sales,Remote,38088.00
100072,Derward,Woolward,Male,25,Support,Hybrid,74628.00
100073,Sanson,Tidcombe,Male,36,Services,Hybrid,61824.00
100074,Kristoforo,Ferschke,Male,31,Support,Hybrid,52536.00
100075,Filberte,Arne,Male,25,Engineering,Hybrid,68304.00
100076,Bordy,Cuniam,Female,52,Sales,Remote,56604.00
100077,Timothee,Amor,Male,46,Engineering,Hybrid,48216.00
100078,Hayden,McBride,Male,38,Services,Hybrid,61932.00
100079,Noel,MacAscaidh,Female,27,Services,Hybrid,43140.00
100080,Mandel,MacAndie,Male,33,Sales,Hybrid,45072.00
100081,Joelle,Hellmer,Female,37,Engineering,Hybrid,68928.00
100082,Ginnifer,Yeates,Female,47,"Human Resources",Hybrid,43452.00
100083,Vanni,Edelmann,Female,38,Sales,Hybrid,40128.00
100084,Alfie,Camoletto,Male,32,Sales,Hybrid,55344.00
100085,Rosette,Downgate,Female,38,Services,Hybrid,71304.00
100086,Decca,Thicking,Male,47,Support,On-site,45384.00
100087,Felic,Mableson,Male,26,Engineering,Hybrid,47748.00
100088,Zollie,Troak,Male,31,Marketing,Hybrid,46032.00
100089,Kip,Hartzenberg,Male,51,Services,Hybrid,46944.00
100090,Hammad,Coners,Male,38,Engineering,Hybrid,47016.00
100091,Birch,Burrett,Male,39,Support,On-site,53232.00
100092,Rhett,Grain,Male,54,Engineering,Hybrid,70824.00
100093,Abbie,Gyrgorwicx,Male,34,Support,Hybrid,45384.00
100094,Herculie,Martyn,Male,36,Engineering,Hybrid,66504.00
100095,Tobiah,Passion,Male,45,Sales,Hybrid,40176.00
100096,Brnaby,Tumpane,Male,28,Engineering,Hybrid,45852.00
100097,Bendix,Mottini,Male,29,Sales,Hybrid,52980.00
100098,Vernen,Trembley,Male,50,Support,Hybrid,45384.00
100099,Aguistin,"de Aguirre",Male,40,Engineering,Hybrid,60948.00
100100,Israel,Kennifick,Male,29,Engineering,On-site,49116.00
100101,Barn,Simnel,Male,45,Marketing,Hybrid,42504.00
100102,Michel,Nardoni,Male,49,Engineering,Hybrid,54804.00
100103,Orion,Jacques,Male,51,Marketing,Hybrid,42036.00
100104,Goran,Shearsby,Male,31,"Human Resources",On-site,41856.00
100105,Arel,Ternault,Male,52,Services,Hybrid,40476.00
100106,Bastian,Tullett,Male,52,Services,Hybrid,67524.00
100107,Hershel,Lyard,Male,35,"Human Resources",Hybrid,44328.00
100108,Winnie,Ledger,Female,28,Engineering,Hybrid,69684.00
100109,Tracy,Liddyard,Male,37,Support,On-site,56124.00
100110,Barnie,Carver,Male,42,Services,Hybrid,56652.00
100111,Augie,Beeres,Male,52,Engineering,Hybrid,43308.00
100112,Angeline,Coyte,Female,45,"Human Resources",On-site,42144.00
100113,Sheena,Guiraud,Female,40,Sales,Remote,51984.00
100114,Hamish,Meriet,Male,33,Support,On-site,53844.00
100115,Roselin,Jammes,Female,52,Services,Hybrid,61104.00
100116,Brandice,Glennie,Female,32,Services,Hybrid,59064.00
100117,Benedick,Studholme,Male,27,Services,Hybrid,71004.00
100118,Liva,Eldered,Female,33,Sales,Hybrid,58596.00
100119,Manny,Oldfield-Cherry,Male,39,Engineering,On-site,70704.00
100120,Saraann,Pinnere,Female,36,Engineering,On-site,54372.00
100121,Kamila,Dymock,Female,29,Support,Hybrid,45384.00
100122,Rochester,Fache,Male,50,Engineering,Hybrid,62388.00
100123,Gaston,Whitewood,Male,33,Services,Hybrid,68676.00
100124,Erik,Bream,Male,53,"Human Resources",Hybrid,38124.00
100125,Abbott,Smieton,Male,29,Accounting,Hybrid,45156.00
100126,Brand,Abramovitch,Male,53,Engineering,On-site,79284.00
100127,Jozef,Gravie,Male,50,Support,Hybrid,59232.00
100128,Lane,McKeachie,Female,40,Engineering,On-site,74748.00
100129,Georgeanne,Dymocke,Female,34,Accounting,Hybrid,46572.00
100130,Claudio,Christoffels,Male,32,Engineering,Hybrid,58848.00
100131,Colan,Rumble,Male,36,Services,Hybrid,58224.00
100132,Smith,Etherington,Male,45,Support,Hybrid,45384.00
100133,Kris,Kearford,Male,27,Engineering,Hybrid,66132.00
100134,Sayer,Arndt,Male,44,Support,Hybrid,45384.00
100135,Ezri,Segeswoeth,Male,30,Engineering,Hybrid,47604.00
100136,Elton,Jacquemet,Male,53,Accounting,Hybrid,47484.00
100137,Hadlee,Bicker,Male,31,Engineering,Hybrid,66888.00
100138,Dell,Kennerknecht,Female,36,Support,On-site,56784.00
100139,Worthington,Liddall,Male,29,Engineering,Hybrid,60408.00
100140,Osborn,Ciementini,Male,51,Support,On-site,65316.00
100141,Lynnett,Adair,Female,29,Services,Hybrid,58248.00
100142,Lynnett,Jesson,Male,41,Support,On-site,39384.00
100143,Thaddus,Lowdes,Male,26,Support,On-site,39384.00
100144,Thia,Breming,Female,52,Engineering,Hybrid,56220.00
100145,Lawry,Moens,Male,45,Support,Hybrid,39384.00
100146,Gerta,Firpo,Female,42,Services,Hybrid,56532.00
100147,Christin,Skene,Female,46,Services,On-site,63612.00
100148,Greggory,Revell,Male,26,Services,On-site,71100.00
100149,Oralla,Limprecht,Female,48,Support,Hybrid,45420.00
100150,Andris,Oaks,Male,32,Engineering,Hybrid,60168.00
100151,Haroun,Drynan,Male,26,Services,Hybrid,67452.00
100152,Josie,Gobeau,Female,38,Engineering,Hybrid,68304.00
100153,Zeke,Mainston,Male,49,"Human Resources",Hybrid,38436.00
100154,Kimmy,Clay,Female,46,Engineering,On-site,67740.00
100155,Boonie,Knappen,Male,42,Engineering,On-site,70656.00
100156,Sigfrid,Gilstin,Male,53,Support,Hybrid,51744.00
100157,Turner,Doggrell,Male,43,Engineering,On-site,61188.00
100158,Cherilyn,Drewry,Female,44,Accounting,Hybrid,57648.00
100159,Kinnie,Hake,Male,28,Marketing,Hybrid,56388.00
100160,Frans,Turnpenny,Male,30,Sales,Remote,50652.00
100161,Frederich,Wrefford,Male,25,Support,Hybrid,44376.00
100162,Fabe,Mouat,Male,33,Engineering,On-site,44292.00
100163,Edgardo,Sysland,Male,31,Engineering,Hybrid,65472.00
100164,Antonella,Elstub,Female,52,Engineering,Hybrid,50604.00
100165,Bail,Fairweather,Male,27,Engineering,Hybrid,63192.00
100166,Ranna,Baltzar,Female,27,Engineering,Hybrid,47688.00
100167,Travis,Skerme,Male,42,Engineering,On-site,71028.00
100168,Jacquetta,Petherick,Female,37,Engineering,Hybrid,72420.00
100169,Jane,Dorkens,Female,28,Engineering,Hybrid,51108.00
100170,Somerset,Schubbert,Male,53,Engineering,On-site,64368.00
100171,Hale,Desseine,Male,33,Engineering,Hybrid,60072.00
100172,Ammy,Grutchfield,Female,39,Engineering,Hybrid,82776.00
100173,Hatti,Siege,Female,37,Engineering,On-site,41424.00
100174,Rae,Concklin,Female,28,Engineering,Hybrid,65748.00
100175,Jasen,Duncanson,Male,41,Engineering,Hybrid,55524.00
100176,Joseph,Whaplington,Male,34,Engineering,Remote,83976.00
100177,Lucias,Bachellier,Male,47,Engineering,Hybrid,51420.00
100178,Vasilis,Saddleton,Male,45,Engineering,On-site,62544.00
100179,Florie,Paske,Female,42,Services,Hybrid,83244.00
100180,Gun,Schrader,Male,49,Engineering,On-site,51756.00
100181,Luther,Bernhardi,Male,48,Engineering,Hybrid,50832.00
100182,Aharon,Santello,Male,43,Engineering,On-site,70104.00
100183,Kurt,Gowthorpe,Male,44,Support,On-site,56292.00
100184,Dulce,Tregenna,Female,31,Engineering,Hybrid,50112.00
100185,Harlan,Barbie,Male,47,Accounting,Hybrid,40008.00
100186,Frederich,Jedrzaszkiewicz,Male,51,Engineering,On-site,64836.00
100187,Joete,Vlasov,Female,40,Support,Hybrid,54576.00
100188,Crosby,Eva,Male,36,Services,Hybrid,60492.00
100189,Bartolomeo,Bryenton,Male,49,Sales,Hybrid,51156.00
100190,Devonna,Wilks,Female,31,Marketing,Hybrid,57096.00
100191,Mauricio,Tessington,Male,26,Services,Hybrid,60300.00
100192,Carlye,Beaglehole,Female,33,Accounting,Hybrid,71196.00
100193,Bron,Polding,Male,36,Marketing,Hybrid,54936.00
100194,Gale,Meas,Male,34,Support,On-site,46668.00
100195,Serge,Dilke,Male,24,Support,On-site,48468.00
100196,Travus,Corbin,Male,33,Engineering,Hybrid,36144.00
100197,Iorgos,Rosetti,Male,39,Services,Hybrid,48264.00
100198,Fielding,Danilovich,Male,30,Services,Hybrid,48468.00
100199,Valene,Szymczyk,Female,27,Engineering,Hybrid,53364.00
100200,Ode,Quilleash,Male,35,Sales,Hybrid,56796.00
100201,Clim,Deaves,Male,34,Support,On-site,44304.00
100202,Baxy,Quakley,Male,30,Accounting,Hybrid,49728.00
100203,Valdemar,McTurk,Male,46,Engineering,Hybrid,66612.00
100204,Sancho,Gentle,Male,45,Support,Hybrid,51384.00
100205,Gerick,Shilito,Male,50,Engineering,Hybrid,68148.00
100206,Tucker,Whetnell,Male,52,Support,Hybrid,39384.00
100207,Leonardo,Glashby,Male,50,Support,Hybrid,57972.00
100208,Parry,Biswell,Male,25,"Human Resources",Hybrid,36096.00
100209,Francis,Vinau,Male,47,Sales,Hybrid,64896.00
100210,Bobby,Cadlock,Male,43,Marketing,Remote,38736.00
100211,Roley,Dyzart,Male,45,Services,Hybrid,39756.00
100212,Robin,Korneichik,Male,34,"Human Resources",Hybrid,52224.00
100213,Ric,Ochterlony,Male,45,Engineering,Hybrid,67788.00
100214,Sauncho,Scoffham,Male,49,Accounting,Hybrid,45408.00
100215,Romeo,Mulkerrins,Male,54,Sales,Hybrid,36276.00
100216,Rodrick,Clayson,Male,25,Support,Hybrid,49992.00
100217,Manda,Linne,Female,35,Support,Hybrid,37140.00
100218,Jeremiah,Harte,Male,36,Accounting,Hybrid,41436.00
100219,Corbett,Tofful,Female,36,Services,Hybrid,43224.00
100220,Giorgi,Clemmow,Male,52,Engineering,Hybrid,68328.00
100221,Kurtis,Brundall,Male,45,Support,Hybrid,39384.00
100222,Nissa,Crum,Female,31,Support,Hybrid,52884.00
100223,Kendall,Gault,Male,48,Accounting,Hybrid,52488.00
100224,Tanner,Surmeyers,Male,47,Sales,Hybrid,55740.00
100225,April,Rosenau,Female,40,Sales,Hybrid,42612.00
100226,Gustaf,Harris,Male,32,Engineering,Hybrid,59508.00
100227,Kean,Whorf,Female,48,Accounting,Hybrid,38124.00
100228,Rich,Jedrzejczyk,Male,49,Sales,Hybrid,40692.00
100229,Neille,Haugh,Female,31,Sales,Hybrid,36432.00
100230,Debi,Trayes,Female,48,Marketing,Hybrid,54540.00
100231,Andre,Veschambes,Female,36,Support,Hybrid,39384.00
100232,Jefferson,Legen,Male,28,Services,Hybrid,64608.00
100233,Welch,Epple,Male,39,Support,Hybrid,50664.00
100234,Deloria,Coning,Female,34,Engineering,Hybrid,67812.00
100235,Dael,Aldwich,Male,54,Engineering,On-site,46692.00
100236,Leslie,Lythgoe,Female,45,Sales,Hybrid,41268.00
100237,Emery,Thams,Male,50,Engineering,Hybrid,55152.00
100238,Suzanne,Usher,Female,25,Engineering,Hybrid,67848.00
100239,Damien,Skaid,Male,32,Services,On-site,39696.00
100240,Charlton,Vitet,Male,36,Services,Hybrid,56904.00
100241,Elia,Daltrey,Female,45,Services,Hybrid,62892.00
100242,Gustaf,Castanos,Female,38,Support,Hybrid,44220.00
100243,Wilhelm,Batters,Male,47,Engineering,Hybrid,62028.00
100244,Dorie,"De Maria",Male,44,Marketing,Hybrid,57420.00
100245,Sabine,Wormleighton,Female,30,Engineering,Hybrid,37476.00
100246,Mal,Ivachyov,Male,39,Support,Hybrid,58008.00
100247,Valry,Matthisson,Female,27,Engineering,Hybrid,64008.00
100248,Creigh,Dorning,Male,30,Services,On-site,69852.00
100249,Rutter,Grenshields,Male,40,Sales,Hybrid,55824.00
100250,Annemarie,Peller,Female,27,Support,On-site,50460.00
100251,Vanya,Wehnerr,Female,37,Support,Hybrid,38568.00
100252,Diandra,Kellie,Female,53,Marketing,On-site,42804.00
100253,Giulia,Naish,Female,48,Marketing,Remote,40752.00
100254,Parsifal,Wedmore,Male,31,Services,Hybrid,36216.00
100255,Mead,Owbrick,Male,25,Support,Hybrid,63888.00
100256,Ariel,MacKerley,Male,47,Support,Hybrid,46116.00
100257,Georgy,Stitfall,Male,54,Services,Hybrid,65940.00
100258,Antonino,Huckfield,Male,52,Accounting,Hybrid,46884.00
100259,Eberhard,McKernan,Male,25,Services,Hybrid,39612.00
100260,Barty,Tunnacliffe,Male,40,Accounting,On-site,41244.00
100261,Aland,Beininck,Male,39,Services,Hybrid,65508.00
100262,Sharon,Reisen,Female,54,Sales,On-site,54084.00
100263,Patton,Fellgatt,Male,46,Support,Hybrid,53532.00
100264,Kendrick,Handrick,Male,51,Services,Hybrid,65148.00
100265,Yorker,Purkins,Male,44,Engineering,Hybrid,45564.00
100266,Quinn,Shaw,Male,26,Engineering,On-site,44388.00
100267,Kevin,Hansley,Male,37,Engineering,Hybrid,42408.00
100268,Loy,Simoni,Male,38,Support,Remote,39384.00
100269,Lucy,Kissell,Female,31,Engineering,Hybrid,66132.00
100270,Wilbur,Abbess,Male,36,Engineering,Hybrid,56904.00
100271,Farra,Rix,Female,29,Support,Remote,48336.00
100272,Clarke,Lourenco,Male,48,Engineering,Hybrid,63348.00
100273,Rube,Spellissy,Male,43,Services,On-site,51348.00
100274,Washington,Jessopp,Male,31,Engineering,Hybrid,49812.00
100275,Hewett,Skaife,Male,38,Services,On-site,45072.00
100276,Mohandis,Galle,Male,52,Support,Hybrid,53496.00
100277,Ardelia,Klimsch,Female,39,Engineering,On-site,71496.00
100278,Pammy,Rykert,Female,34,Engineering,Hybrid,69684.00
100279,Carlie,Perring,Female,36,Sales,Hybrid,46692.00
100280,Waylin,"St Ange",Male,47,Services,Remote,45756.00
100281,Brady,Sales,Female,38,Engineering,On-site,50868.00
100282,Bern,Sutterfield,Male,47,Engineering,On-site,66444.00
100283,Nevil,Vertigan,Male,28,Support,Hybrid,39384.00
100284,Krysta,Baggs,Female,48,Sales,On-site,44784.00
100285,Alister,Huckstepp,Female,40,Support,Remote,51948.00
100286,Gal,Djokic,Male,40,Marketing,Remote,52392.00
100287,Dita,Easey,Female,36,Support,On-site,58260.00
100288,Minor,Curmi,Male,45,Sales,On-site,60780.00
100289,Kathe,Late,Female,31,Engineering,Hybrid,68100.00
100290,Nath,Ripley,Female,40,Support,Hybrid,61140.00
100291,Maria,Grunnill,Female,54,Sales,On-site,50796.00
100292,Scotty,Tilly,Male,52,Sales,Remote,41064.00
100293,Alphard,Agron,Male,26,Engineering,On-site,66036.00
100294,Claybourne,Edden,Male,25,Engineering,Hybrid,54408.00
100295,Alexa,Dalgleish,Female,46,Engineering,Hybrid,56220.00
100296,Geri,Giannotti,Male,41,Engineering,Hybrid,79176.00
100297,Stephany,Cuseck,Female,40,Support,Hybrid,82380.00
100298,Tisha,Kerwick,Female,47,Engineering,Hybrid,69060.00
100299,Peter,Vannozzii,Male,38,Engineering,Hybrid,49452.00
100300,Steffen,Aaron,Male,47,Engineering,Hybrid,63252.00
100301,Alister,Eitter,Male,31,Support,Remote,49032.00
100302,Benoit,Mozzini,Male,31,Accounting,Hybrid,44820.00
100303,Jarred,Binestead,Male,36,Services,Hybrid,59676.00
100304,Linda,Beebis,Female,26,"Human Resources",On-site,39912.00
100305,Rose,Kelberman,Female,25,Support,On-site,68808.00
100306,Sauveur,Dafydd,Male,32,Accounting,Hybrid,44688.00
100307,Leif,Pashan,Male,41,Services,On-site,40008.00
100308,Anna,Wallege,Female,40,Engineering,Hybrid,71244.00
100309,Meredeth,Kobke,Male,35,Engineering,On-site,70428.00
100310,Katy,Hollingshead,Female,30,Engineering,Hybrid,62208.00
100311,Simone,Renyard,Male,25,Support,Remote,46116.00
100312,Sussy,Slocum,Female,42,Marketing,Hybrid,59472.00
100313,Paddie,Winder,Male,25,Support,On-site,59436.00
100314,Gregoor,Iskow,Male,44,"Human Resources",Hybrid,41820.00
100315,Emily,Latehouse,Female,29,Engineering,Hybrid,67212.00
100316,Nika,Wisbey,Female,41,Marketing,On-site,64416.00
100317,Stanislaus,Ferrulli,Male,25,Support,On-site,39384.00
100318,Seumas,Lafoy,Male,29,Engineering,Hybrid,59820.00
100319,Damian,Gronou,Male,32,Support,On-site,39384.00
100320,Dewie,Beisley,Male,35,Engineering,Hybrid,52404.00
100321,Emery,Bredes,Male,33,Services,On-site,41208.00
100322,Leonard,Aindriu,Male,31,Sales,Remote,37116.00
100323,Hansiain,Tuley,Male,28,Accounting,Hybrid,62928.00
100324,Dud,Cottage,Male,47,Sales,Hybrid,48516.00
100325,Doyle,Flucker,Male,26,"Human Resources",Hybrid,43476.00
100326,Henrik,Best,Male,51,Engineering,On-site,55776.00
100327,Vinson,Bemment,Male,51,Support,Hybrid,54900.00
100328,Herbie,Fairtlough,Male,47,Services,Remote,37728.00
100329,Toby,Gibbieson,Male,31,Services,Hybrid,42312.00
100330,Piotr,Moses,Male,28,Support,On-site,59448.00
100331,Cesaro,Falck,Male,44,Services,Hybrid,68004.00
100332,Marwin,Thirtle,Male,29,Engineering,Remote,39156.00
100333,Sullivan,Mazillius,Male,40,Engineering,On-site,67272.00
100334,Mannie,Grafton,Male,52,Engineering,On-site,48408.00
100335,El,Bills,Male,38,"Human Resources",On-site,36648.00
100336,Geoff,Yuille,Male,28,Engineering,On-site,64992.00
100337,Andris,Thornewill,Male,32,Services,On-site,63588.00
100338,Witney,MacKimmie,Female,37,Sales,Hybrid,54396.00
100339,Maria,Warsop,Female,36,Engineering,Remote,48828.00
100340,Gram,Danskine,Male,48,Engineering,Hybrid,75804.00
100341,Zak,Probbings,Male,52,Engineering,Remote,55956.00
100342,Sauveur,Danilovic,Male,48,Engineering,On-site,70272.00
100343,Stacy,Blackboro,Female,52,Engineering,Remote,48012.00
100344,Maybelle,Thorne,Female,38,Support,On-site,39384.00
100345,Jen,Pillinger,Female,45,Support,On-site,36060.00
100346,Korney,MacAdam,Female,51,Services,Hybrid,39744.00
100347,Odelinda,Carlan,Female,42,Engineering,Hybrid,70404.00
100348,Helaine,Whitters,Female,51,Services,Remote,58500.00
100349,Leontine,Colthard,Male,30,Engineering,Hybrid,70188.00
100350,Ilario,Paskins,Male,28,Engineering,Hybrid,57192.00
100351,Albrecht,Ellerby,Male,43,Services,Hybrid,67068.00
100352,Jacquenette,Twelves,Female,45,Accounting,Hybrid,48132.00
100353,Robina,Pray,Female,47,Engineering,Hybrid,58392.00
100354,Malanie,Berardt,Female,44,Sales,Hybrid,64404.00
100355,Kennie,Putterill,Male,35,Support,Hybrid,59172.00
100356,Ansell,Dredge,Male,39,Accounting,Hybrid,47352.00
100357,Elladine,Kiloh,Female,32,Engineering,Hybrid,60204.00
100358,Esther,Jarry,Female,52,Support,Remote,40284.00
100359,Nedda,Connue,Female,47,Services,On-site,53352.00
100360,Yehudi,Halsall,Male,27,Accounting,Remote,36396.00
100361,Lyman,Travis,Male,34,Engineering,On-site,71292.00
100362,Lonni,Tolumello,Female,29,Services,Remote,49368.00
100363,Corena,Morrieson,Female,43,Engineering,Remote,60612.00
100364,Elke,Hannibal,Female,30,Support,Hybrid,61308.00
100365,Silvester,Claesens,Male,29,Services,On-site,62484.00
100366,Correy,Whitehead,Male,43,Services,On-site,43992.00
100367,Nathaly,Gallety,Female,53,Engineering,On-site,44652.00
100368,Claudius,Stockport,Male,37,Services,On-site,66444.00
100369,Ruddie,McCluney,Male,52,Support,On-site,41088.00
100370,Frederigo,Witcherley,Female,53,Services,On-site,61752.00
100371,Maddy,Marval,Female,36,Engineering,Remote,52404.00
100372,Crissie,Downing,Female,32,Accounting,Remote,42684.00
100373,Rubie,Tyrie,Male,41,Services,Hybrid,60576.00
100374,Glyn,McKane,Male,48,Services,Remote,67668.00
100375,Uriah,Knolles-Green,Female,25,Engineering,Remote,70836.00
100376,Teresita,Sansome,Female,31,"Human Resources",On-site,47052.00
100377,Shirlene,Summerlee,Male,31,Services,On-site,66096.00
100378,Halette,Basilio,Female,24,Marketing,Hybrid,39108.00
100379,Emily,Guilbert,Female,49,Sales,Remote,53172.00
100380,Albrecht,Nendick,Male,38,Support,Remote,57456.00
100381,Karlik,Eccott,Male,50,Engineering,Remote,61548.00
100382,Ive,Brownett,Male,47,Support,Remote,57864.00
100383,Giacopo,Wincott,Female,50,Engineering,On-site,59940.00
100384,Roma,Humble,Female,49,Marketing,Hybrid,50724.00
100385,Harlin,Peeter,Male,32,Support,On-site,37908.00
100386,Terrill,MacLice,Male,51,Sales,Remote,40032.00
100387,Bernard,Hanrott,Male,41,Engineering,On-site,70812.00
100388,Katina,Bliven,Female,41,Sales,Hybrid,47940.00
100389,Giacobo,Filimore,Male,41,Services,On-site,45216.00
100390,Pepito,Chilcott,Male,36,Accounting,Remote,39864.00
100391,Leopold,Streat,Male,26,Support,Remote,39384.00
100392,Salvatore,Orgee,Male,48,Sales,Hybrid,55956.00
100393,Averell,Riddeough,Male,34,Engineering,On-site,64884.00
100394,Tome,Begwell,Male,51,"Human Resources",Hybrid,43824.00
100395,Shelley,Fardy,Male,40,Engineering,Hybrid,65928.00
100396,Vernen,MacTrusty,Male,47,Engineering,On-site,38616.00
100397,Elliott,Blazic,Male,52,Engineering,On-site,71388.00
100398,Silvano,Silbersak,Male,39,Sales,Hybrid,54828.00
100399,Delmar,Rogerson,Female,45,Engineering,On-site,51948.00
100400,Helenna,Jeffes,Female,26,Engineering,Hybrid,71988.00
100401,Angel,Baggaley,Male,44,Marketing,Hybrid,59844.00
100402,Nikka,Carnock,Female,51,"Human Resources",Hybrid,48540.00
100403,Aloysius,Barrow,Male,39,Services,Hybrid,61956.00
100404,Ellery,Segar,Male,54,Engineering,Remote,59712.00
100405,Justis,Thring,Male,52,Sales,Hybrid,62460.00
100406,Merv,Kabisch,Female,39,Engineering,Hybrid,70908.00
100407,Walther,Cuddehay,Male,36,Services,On-site,69432.00
100408,Hank,Flather,Male,41,Engineering,On-site,40476.00
100409,Daryle,Badland,Male,38,Engineering,Remote,53268.00
100410,Grace,Kirsche,Female,27,Services,Hybrid,59832.00
100411,Christophe,Fransman,Male,37,"Human Resources",Remote,38976.00
100412,Winny,Dower,Male,54,Sales,Hybrid,45204.00
100413,Avigdor,Beernaert,Male,44,Engineering,On-site,47328.00
100414,Gram,Ellaman,Male,54,Engineering,Hybrid,62244.00
100415,Katheleen,Dupoy,Female,49,Support,Remote,39384.00
100416,Georgie,Guillem,Male,36,Engineering,Hybrid,79608.00
100417,Reynold,Spritt,Male,33,Support,Hybrid,40284.00
100418,Jamesy,Fetherstone,Male,32,Marketing,On-site,43524.00
100419,Currie,Tunnick,Male,52,Engineering,Remote,64596.00
100420,Doyle,Meekin,Male,48,Services,Hybrid,41736.00
100421,Lucius,Fearick,Male,42,Services,Hybrid,70620.00
100422,Merry,Duker,Male,53,Engineering,On-site,69048.00
100423,Elizabeth,Bowmen,Female,25,"Human Resources",On-site,43632.00
100424,Anatol,Thunderman,Male,43,Accounting,On-site,55728.00
100425,Tim,Eckersley,Male,37,Engineering,On-site,55812.00
100426,Rowland,Polson,Male,46,Services,Remote,58248.00
100427,Isabelle,Gayter,Female,26,Engineering,Remote,71784.00
100428,Wyn,Duligal,Male,25,Support,Remote,49608.00
100429,Katherine,Speachley,Female,51,Accounting,On-site,36972.00
100430,Denny,Padson,Male,52,Services,On-site,60228.00
100431,Darryl,Szimon,Male,36,Accounting,Hybrid,55368.00
100432,Juana,Karchewski,Female,29,Marketing,Remote,45984.00
100433,Troy,Emma,Male,52,Sales,Remote,65448.00
100434,Gabriella,Ducaen,Female,45,Services,Hybrid,66324.00
100435,Rowney,Handy,Male,40,Engineering,Hybrid,66504.00
100436,Oberon,Renshall,Male,38,Support,Remote,38064.00
100437,Gregory,Broek,Male,37,Marketing,Hybrid,44868.00
100438,Keene,Perrelle,Male,42,Engineering,Hybrid,55860.00
100439,Dwight,Ilett,Male,48,Engineering,Remote,65940.00
100440,Ruperto,Clague,Male,43,Services,Hybrid,46248.00
100441,Chen,Duhig,Male,51,Accounting,Remote,51624.00
100442,Andreina,Lambertini,Female,49,Services,Hybrid,46428.00
100443,Lyndsay,Yirrell,Female,36,Marketing,Remote,46020.00
100444,Catie,Espine,Female,38,Sales,Hybrid,50892.00
100445,Fred,Menichillo,Male,43,Marketing,Hybrid,56928.00
100446,Natalie,Craddy,Female,43,Sales,Hybrid,59832.00
100447,Levi,Gainforth,Male,39,Engineering,Remote,71856.00
100448,Stephanie,Biddles,Female,37,Accounting,On-site,64188.00
100449,Parsifal,Kenway,Male,46,Support,Remote,69588.00
100450,Brad,Dorning,Male,30,Sales,Hybrid,42168.00
100451,Jessica,Seddon,Female,27,Sales,Hybrid,65064.00
100452,Barris,Corbally,Male,24,Accounting,Remote,46368.00
100453,Roderigo,Killough,Male,41,Services,Remote,63396.00
100454,Arri,Westcar,Male,46,Support,Remote,71604.00
100455,Sid,Buxam,Male,45,Engineering,Remote,37416.00
100456,Harmon,Briars,Male,44,Marketing,On-site,54852.00
100457,Grenville,Weaver,Male,29,Engineering,On-site,49776.00
100458,Stella,Davisson,Female,27,Engineering,Remote,55992.00
100459,Eb,Walisiak,Male,28,Engineering,Hybrid,64740.00
100460,Roberta,Rubinsky,Female,27,Sales,On-site,37284.00
100461,Thom,Casterot,Male,33,Engineering,Hybrid,77952.00
100462,Jeffy,Chipp,Male,46,Engineering,Remote,69324.00
100463,Andre,Grisewood,Male,49,Support,Hybrid,71340.00
100464,Wash,Desmond,Male,53,Sales,On-site,49008.00
100465,Blythe,Serfati,Female,49,Engineering,Hybrid,61896.00
100466,Steve,Goodie,Male,44,Services,Remote,54024.00
100467,Terrell,Havick,Male,30,Support,Remote,57996.00
100468,Shalom,Guillond,Male,48,Engineering,Remote,58404.00
100469,Robina,Brazener,Female,53,Engineering,Hybrid,50232.00
100470,Allyn,Thornewill,Male,45,Engineering,Remote,40128.00
100471,Betty,Impson,Female,34,Services,Remote,52488.00
100472,Quincy,Meneur,Male,54,Services,Remote,65460.00
100473,Natividad,Files,Female,41,Engineering,Hybrid,60312.00
100474,Karyl,McCloud,Female,52,Sales,Hybrid,48096.00
100475,Myron,MacAulay,Male,26,Support,Hybrid,36372.00
100476,Drud,Byer,Male,32,Engineering,Hybrid,69564.00
100477,Natividad,Estevez,Female,48,Support,Hybrid,49380.00
100478,Cinthya,Swalwell,Female,36,"Human Resources",Remote,49044.00
100479,Nasly,Dowzell,Female,46,Engineering,Remote,50724.00
100480,Zerk,Dybald,Male,31,Marketing,Hybrid,42228.00
100481,Maria,Clampe,Female,43,Support,Remote,41736.00
100482,Gibb,Seif,Male,26,Support,Hybrid,37848.00
100483,Hazel,Thebeaud,Male,33,Services,Hybrid,70476.00
100484,Andrey,Andover,Female,28,Support,Hybrid,43548.00
100485,Jennilee,Ash,Female,29,Support,Remote,46488.00
100486,Koren,Sandys,Female,41,Sales,Hybrid,46644.00
100487,Bell,Worthington,Male,52,Engineering,Hybrid,40116.00
100488,Maxim,Todd,Male,30,Sales,Remote,52008.00
100489,Ramsey,Iddiens,Male,51,Engineering,On-site,71856.00
100490,Sophia,Housaman,Female,29,Sales,Remote,49548.00
100491,Karol,Philippsohn,Female,39,Engineering,On-site,68676.00
100492,Shakky,Jealous,Female,54,Engineering,Remote,70548.00
100493,Brittni,Brundell,Female,44,Marketing,Remote,55404.00
100494,Lorie,Doorly,Female,35,Sales,On-site,38580.00
100495,Jarrad,Rosebotham,Male,47,Services,On-site,48612.00
100496,Hershel,Martinolli,Male,31,Services,Remote,51444.00
100497,Natty,Malatalant,Male,24,Marketing,On-site,39288.00
100498,Gaultiero,Bresman,Male,28,Sales,On-site,51912.00
100499,Hastie,Gebhardt,Male,34,Engineering,Remote,39816.00
100500,Martie,Deveril,Female,33,Marketing,Hybrid,58764.00
100501,Myrah,Gregori,Female,54,Sales,Remote,51108.00
100502,Marylynne,Ramsier,Female,43,Engineering,On-site,62736.00
100503,Gertrudis,Radish,Female,50,"Human Resources",On-site,40776.00
100504,Ulick,Arro,Male,30,Accounting,Remote,57792.00
100505,Lorenzo,Berkowitz,Male,48,Support,Hybrid,47664.00
100506,Juana,McClifferty,Female,34,Services,On-site,68856.00
100507,Wallis,Kernan,Male,46,Sales,On-site,65412.00
100508,Fairleigh,Guiett,Male,44,Support,Remote,38112.00
100509,Adele,Agastina,Female,34,Engineering,Remote,83484.00
100510,Pauly,Simmonds,Male,39,Engineering,Hybrid,53076.00
100511,Percy,Bodycote,Male,46,Support,Hybrid,60456.00
100512,Anders,Domoni,Male,40,Engineering,Remote,53460.00
100513,Maximilianus,MacAirt,Male,29,Engineering,Hybrid,71196.00
100514,Itch,Goodfield,Male,39,Support,On-site,39192.00
100515,Gaile,Geane,Male,37,Support,On-site,59256.00
100516,Cleavland,Bodman,Male,37,Engineering,Remote,63132.00
100517,Nealy,Killen,Male,33,Accounting,Remote,55716.00
100518,Saxe,Ponte,Male,39,Support,On-site,40392.00
100519,Shea,Sutterby,Male,47,Services,Hybrid,64932.00
100520,Donaugh,Warr,Male,49,Engineering,Hybrid,61344.00
100521,Bryon,Dressel,Male,40,Services,Remote,40824.00
100522,Martha,Dupree,Female,52,Services,Hybrid,67092.00
100523,Emmott,Scullard,Male,53,Sales,Remote,61824.00
100524,Rudie,Gruszczak,Male,39,"Human Resources",Hybrid,42324.00
100525,Papageno,Pietrzyk,Male,48,Services,Hybrid,68952.00
100526,Lenci,Begin,Male,39,Engineering,On-site,43356.00
100527,Madison,Gilli,Male,35,Services,Remote,68412.00
100528,Alexandros,Keri,Male,43,Engineering,Remote,69912.00
100529,Gustav,Byles,Male,32,"Human Resources",Hybrid,40692.00
100530,Alvie,Lytlle,Male,41,Services,On-site,69552.00
100531,Isabella,Havesides,Female,40,Sales,On-site,48348.00
100532,Federicca,Binney,Female,48,Engineering,Remote,40332.00
100533,Vic,Bedding,Male,29,Engineering,Remote,68724.00
100534,Damien,Frantsev,Male,46,Services,Hybrid,67212.00
100535,Hayden,Pinckstone,Female,52,Services,Remote,68964.00
100536,Gonzales,Shillom,Male,42,Sales,On-site,38364.00
100537,Giffer,Kayes,Male,26,Services,On-site,51936.00
100538,Artie,Wenden,Male,33,Services,Remote,69924.00
100539,Noreen,Emtage,Female,47,Support,On-site,43824.00
100540,Clark,Kingdon,Male,49,Engineering,Hybrid,65244.00
100541,Town,Laneham,Male,25,Engineering,On-site,54024.00
100542,Jerrold,Inseal,Male,40,Engineering,Hybrid,55908.00
100543,Nefen,Tregaskis,Male,39,Engineering,On-site,56352.00
100544,Lamar,Addams,Male,28,Engineering,On-site,65256.00
100545,Meggy,Gillon,Female,35,Accounting,On-site,59736.00
100546,Elladine,Battersby,Female,28,Engineering,Remote,56808.00
100547,Ashli,Faughey,Female,39,Services,Remote,48768.00
100548,Brit,Bagby,Male,35,Accounting,Hybrid,52500.00
100549,Mathian,Lethbrig,Male,43,Services,Remote,59712.00
100550,Michale,Munns,Male,46,Sales,On-site,65100.00
100551,Smitty,Clibbery,Female,44,Engineering,Hybrid,68616.00
100552,Cassius,Botham,Male,39,Accounting,Remote,51108.00
100553,Meggie,Stockport,Female,30,Engineering,Remote,40584.00
100554,Elsbeth,Masse,Female,47,Sales,Hybrid,51048.00
100555,Salim,Bonnor,Male,32,Services,On-site,70008.00
100556,Peadar,Collier,Male,53,Services,On-site,40596.00
100557,Tiena,McGuiness,Female,25,Services,Remote,36492.00
100558,Ardra,Leal,Female,54,Engineering,Hybrid,64896.00
100559,Myrah,Spinke,Female,53,Services,Remote,44496.00
100560,Artie,Newsham,Male,33,Services,On-site,47736.00
100561,Gan,Munt,Male,40,Sales,On-site,51096.00
100562,Katty,Janik,Female,26,Engineering,Hybrid,56544.00
100563,Rourke,Melbourn,Male,51,Accounting,Hybrid,53016.00
100564,Lindha,Meale,Female,38,Engineering,On-site,64596.00
100565,Westley,Chamberlayne,Male,25,Services,Remote,38304.00
100566,Cristin,Panda,Female,43,Support,On-site,64068.00
100567,Mord,Castanho,Male,42,Engineering,Hybrid,65244.00
100568,Frederich,Esp,Male,40,Engineering,Remote,54852.00
100569,Cinthya,Carlens,Female,36,Accounting,Hybrid,48972.00
100570,Philip,Piche,Male,26,Engineering,Remote,58020.00
100571,Marie,Mickelwright,Female,35,Engineering,Hybrid,67980.00
100572,Andreas,Bourhill,Male,51,Accounting,Remote,47712.00
100573,Dillie,Allaway,Male,40,Engineering,Remote,41028.00
100574,Skipp,O'Caherny,Male,38,Support,Remote,51096.00
100575,Emmett,Havers,Male,43,Marketing,On-site,48132.00
100576,Bastien,Stillgoe,Male,54,Services,Hybrid,40896.00
100577,Menard,Worthington,Male,36,Engineering,Remote,66288.00
100578,Rupert,Goodsal,Male,53,Support,Hybrid,36420.00
100579,Nils,Gorgler,Male,39,Engineering,On-site,51048.00
100580,Baillie,Steinson,Male,50,Services,Hybrid,54132.00
100581,Karney,MacNab,Male,51,Marketing,On-site,50844.00
100582,Levin,Klesl,Male,50,Engineering,On-site,53544.00
100583,Kyle,Tarply,Male,51,Engineering,Hybrid,76272.00
100584,Bastian,Pierrepoint,Male,49,Support,Remote,65568.00
100585,Gabriele,Bello,Male,28,Accounting,Remote,36132.00
100586,Vinny,Ellershaw,Male,40,Accounting,Remote,53784.00
100587,Akim,Bachellier,Male,46,Accounting,Hybrid,43272.00
100588,Gus,Dymott,Male,41,Engineering,Hybrid,63096.00
100589,Kathyuska,Hugenin,Female,51,Sales,Remote,48864.00
100590,Gray,Windrus,Male,48,Services,On-site,56064.00
100591,Filbert,Nicholl,Male,33,Accounting,Remote,64836.00
100592,Miryam,Kilcoyne,Female,37,Support,Hybrid,58296.00
100593,Andrea,Overall,Female,53,Sales,Hybrid,42264.00
100594,Eugenio,Brasse,Male,47,Accounting,On-site,42984.00
100595,Winifield,Bernhart,Male,31,Support,On-site,38148.00
100596,Pacorro,Rendell,Male,42,Services,Remote,54468.00
100597,Tyson,Prestedge,Male,38,Support,Hybrid,46308.00
100598,Sterling,Mellows,Male,37,Engineering,Hybrid,56256.00
100599,Gardner,Chivrall,Male,34,Sales,Hybrid,58308.00
100600,Sylas,Vasey,Male,31,Support,Remote,38268.00
100601,Ricard,Peirpoint,Male,31,Support,On-site,58980.00
100602,Khalil,Gallemore,Male,31,Engineering,Remote,65196.00
100603,Sloane,Sidnell,Male,27,Accounting,Remote,68352.00
100604,Torr,Iaduccelli,Male,26,Support,On-site,36024.00
100605,Martainn,Brackstone,Male,35,Engineering,Remote,55668.00
100606,Freddy,Danielut,Male,39,Engineering,Remote,69060.00
100607,Warde,Sudron,Male,29,Engineering,Hybrid,65220.00
100608,Woodie,Markussen,Male,40,Sales,Hybrid,58284.00
100609,Carolus,Sichardt,Male,31,Sales,Hybrid,51924.00
100610,Kamila,Leyninye,Female,26,Support,Remote,42636.00
100611,Dom,Sholem,Male,32,"Human Resources",Remote,42468.00
100612,Shannon,Dict,Female,31,Services,Hybrid,70464.00
100613,Karol,Civitillo,Female,29,Engineering,Hybrid,58788.00
100614,Pincus,Blackaby,Male,27,Engineering,On-site,59604.00
100615,Kleon,Bridgement,Female,49,Engineering,On-site,44664.00
100616,Georas,Baldini,Male,34,Services,Remote,46044.00
100617,Tam,Golley,Male,28,Sales,Remote,39408.00
100618,Phaedra,Burchatt,Female,27,Engineering,Hybrid,68148.00
100619,Sarette,Heasley,Female,49,Support,On-site,43656.00
100620,Aggy,Nanson,Female,46,Engineering,Hybrid,71220.00
100621,Hammad,Reuben,Male,38,Engineering,On-site,60780.00
100622,Neila,Eastmead,Female,41,"Human Resources",On-site,41904.00
100623,Brynna,Stranger,Female,45,Support,Remote,64620.00
100624,Garner,Joselson,Male,53,Engineering,Remote,61608.00
100625,Keene,Orsi,Male,51,Services,Hybrid,55620.00
100626,Karlha,Twyford,Female,28,Services,On-site,54300.00
100627,Neddie,Laskey,Male,26,Services,Remote,51516.00
100628,Dollie,Decreuze,Female,35,Sales,Remote,58104.00
100629,Amber,Crewes,Female,46,Sales,On-site,55032.00
100630,Jeffrey,Burl,Male,36,Services,On-site,61992.00
100631,Philbert,Wrathmell,Male,36,Sales,On-site,43464.00
100632,Kermit,McCaffery,Male,29,Accounting,Hybrid,38472.00
100633,Daniela,Vergine,Female,26,Marketing,On-site,54384.00
100634,Jae,Neesam,Male,25,Engineering,Hybrid,66384.00
100635,Thomas,Rannald,Male,37,Support,Remote,71268.00
100636,Brose,Blaydes,Male,40,Services,Remote,63264.00
100637,Poul,Bentame,Male,37,Accounting,On-site,44700.00
100638,Bertie,Milne,Male,34,Engineering,On-site,50616.00
100639,Job,MacIver,Male,39,Services,On-site,69708.00
100640,Isabelle,Spadari,Female,36,Support,Remote,61896.00
100641,Fairlie,Radoux,Male,37,Services,Remote,50544.00
100642,Elizabeth,Hargerie,Female,46,Engineering,Remote,81648.00
100643,Matthiew,Hirschmann,Male,35,Support,Hybrid,58188.00
100644,Lizeth,Dowdeswell,Female,34,Engineering,Remote,64812.00
100645,Marthina,Dargue,Female,54,"Human Resources",Remote,50328.00
100646,Miryam,Lindmark,Female,30,Support,Remote,48144.00
100647,Roberta,Gane,Female,40,Engineering,Hybrid,68316.00
100648,Kendre,Tytcomb,Female,54,Engineering,Remote,68064.00
100649,Briana,Scullion,Female,49,Marketing,On-site,41508.00
100650,Forester,Awcock,Male,47,Engineering,Hybrid,47472.00
100651,Royce,Humby,Male,43,"Human Resources",Remote,40344.00
100652,Cass,Hartfield,Male,37,Engineering,Remote,59436.00
100653,Brandyn,Gilhool,Male,51,Engineering,Hybrid,57348.00
100654,Win,Bidewel,Male,35,Marketing,Hybrid,39408.00
100655,Yorke,Leyre,Male,30,Accounting,Remote,39264.00
100656,Auroora,Acott,Female,24,Engineering,Hybrid,67068.00
100657,Torry,Larvin,Male,29,Engineering,On-site,51216.00
100658,Dougy,Eastbrook,Male,38,Engineering,Remote,41016.00
100659,Law,Thatcham,Male,48,Support,On-site,36036.00
100660,Bartolemo,Pritchard,Female,24,Engineering,Hybrid,60168.00
100661,Craggy,Hanne,Male,53,Support,On-site,37404.00
100662,Ruperto,Latter,Male,54,Services,Remote,69396.00
100663,Abdul,Beahan,Male,43,Engineering,Hybrid,61788.00
100664,Cello,Cheeke,Male,53,Support,On-site,62100.00
100665,Kristoforo,Heddy,Male,37,Support,Hybrid,46056.00
100666,Gayle,Dabling,Male,33,Support,Hybrid,56244.00
100667,Hubert,Elgar,Male,38,Services,Remote,49104.00
100668,Alexis,Jansky,Male,53,Engineering,On-site,54648.00
100669,Ingamar,Peckham,Male,37,Engineering,Remote,66696.00
100670,Phineas,Sowthcote,Male,47,Services,Hybrid,70704.00
100671,Otto,Jirousek,Male,31,Services,Hybrid,54096.00
100672,Zechariah,Lange,Male,50,Services,Remote,64452.00
100673,Ted,Hexum,Male,47,Accounting,Hybrid,60144.00
100674,Judas,Chessum,Male,31,Accounting,Remote,37572.00
100675,Dacey,Skipp,Female,46,Support,Hybrid,41664.00
100676,Rosanna,Beadles,Female,42,Services,On-site,67752.00
100677,Alistair,Cubbin,Male,46,Support,Hybrid,44940.00
100678,Joceline,Dormand,Female,42,Sales,Remote,45036.00
100679,Orion,MacBean,Male,32,Sales,Remote,54348.00
100680,Gunter,Longmire,Male,42,Engineering,Hybrid,59004.00
100681,Emmerich,Mell,Male,53,Support,On-site,58296.00
100682,Denise,Laxtonne,Female,42,Sales,On-site,44028.00
100683,Sanderson,Eyre,Male,44,Engineering,On-site,65076.00
100684,Alasdair,Starmore,Male,49,Support,On-site,67284.00
100685,Colin,Hadye,Male,44,Support,Remote,56076.00
100686,Newton,Puddicombe,Male,30,Engineering,Remote,58032.00
100687,Rozella,Murcott,Female,30,Engineering,On-site,69036.00
100688,Paddie,Aimeric,Male,53,Engineering,On-site,47892.00
100689,Alic,Wilshere,Male,45,Services,Remote,41076.00
100690,Kippie,Mandal,Male,35,Services,Hybrid,66636.00
100691,Win,Tindley,Male,35,Engineering,Hybrid,45924.00
100692,Lutero,Amburgy,Male,27,Engineering,On-site,70968.00
100693,Lorena,Bertin,Female,49,Services,Remote,71832.00
100694,Mabel,Hearn,Female,39,Engineering,On-site,65316.00
100695,Kenton,Murrum,Male,37,Support,On-site,44364.00
100696,Brice,Sprake,Male,53,Services,Remote,49068.00
100697,Cinthya,Collick,Female,46,Support,Remote,46620.00
100698,Leslie,Struttman,Female,31,Services,Remote,63324.00
100699,Aymer,Cicero,Male,48,Support,Hybrid,71028.00
100700,Nashly,Lemonby,Female,52,Services,Hybrid,60756.00
100701,Katleen,Kitchingman,Female,47,Engineering,Remote,63372.00
100702,Kathe,Iacovone,Female,42,Support,Hybrid,66456.00
100703,Desmund,Eble,Male,51,Support,Remote,53724.00
100704,Shaughn,Atchly,Male,37,Support,On-site,51564.00
100705,Linda,Whitford,Female,53,Engineering,Hybrid,66636.00
100706,Robertt,Chanson,Male,30,Services,On-site,81888.00
100707,Estelle,Riddock,Female,53,"Human Resources",Hybrid,43248.00
100708,Terrance,Petruszka,Male,51,Support,On-site,70668.00
100709,Sonia,Corn,Female,45,Engineering,Hybrid,51048.00
100710,Falito,Surmeyer,Male,34,Services,Remote,47244.00
100711,Benedict,Forder,Male,36,Engineering,Remote,60108.00
100712,Konstantin,Tynan,Male,42,Services,Remote,67344.00
100713,Symon,Kettridge,Male,47,Engineering,On-site,52512.00
100714,Adele,Maydway,Female,40,Engineering,On-site,71928.00
100715,Theo,Cosans,Male,40,Engineering,Remote,56340.00
100716,Durand,Wilcher,Male,40,Services,Hybrid,39756.00
100717,Donnie,Grabb,Male,28,Engineering,On-site,49260.00
100718,Michael,"de Zamora",Male,52,"Human Resources",On-site,43608.00
100719,Humberto,Rowling,Male,36,Engineering,Hybrid,59136.00
100720,Mariella,Leve,Female,35,Support,Remote,71232.00
100721,Zoila,Sarch,Female,32,Engineering,Hybrid,52476.00
100722,Sandra,Steedman,Female,31,Engineering,Hybrid,57396.00
100723,Ezequiel,Boards,Male,49,Services,Hybrid,57288.00
100724,Benjamen,Habercham,Male,46,Engineering,Remote,54624.00
100725,Feodor,Larne,Male,29,Support,Remote,39384.00
100726,Sly,Sinisbury,Male,32,Accounting,Remote,45780.00
100727,Nataly,Turrill,Female,36,Engineering,On-site,61152.00
100728,Hayward,Huygen,Male,33,Services,On-site,40860.00
100729,Maria,Birtley,Female,46,Sales,Hybrid,43848.00
100730,Kellia,Benasik,Female,37,Accounting,Remote,46620.00
100731,Annadiane,Maddox,Female,41,Marketing,On-site,40500.00
100732,Nance,Hallgarth,Female,38,Sales,Hybrid,50628.00
100733,Vick,Antonucci,Male,37,Engineering,On-site,49392.00
100734,Grenville,Jacklings,Male,52,Sales,Hybrid,55572.00
100735,Eddie,Ragdale,Male,47,Support,Remote,39384.00
100736,Hilly,Reagan,Male,30,Support,On-site,49872.00
100737,Laura,Cobbe,Female,33,Services,Remote,65508.00
100738,Curran,Haimes,Male,35,Services,Hybrid,54816.00
100739,Ab,Carlin,Male,30,Engineering,Hybrid,68928.00
100740,Randi,Walkden,Male,38,Support,Remote,55488.00
100741,Luke,Paunton,Male,34,Support,On-site,63696.00
100742,Gloria,Deniskevich,Female,46,Engineering,Remote,41208.00
100743,Kelly,Tatlow,Female,42,Engineering,Remote,57060.00
100744,Stephen,Petre,Male,28,Engineering,Hybrid,59208.00
100745,Daniella,Bompass,Female,30,Engineering,Remote,71196.00
100746,Karla,Shere,Female,29,Engineering,Hybrid,48780.00
100747,Ole,Ferreli,Male,34,Engineering,On-site,54876.00
100748,Jessee,Gaunt,Male,54,Sales,Hybrid,36096.00
100749,Franciskus,Ortiger,Male,40,Support,On-site,49260.00
100750,Faulkner,Gorler,Male,37,Accounting,Remote,58716.00
100751,Jaye,Tumbridge,Male,49,Engineering,Hybrid,65568.00
100752,Paula,Trowell,Female,41,Support,Hybrid,65052.00
100753,Vin,Dillinton,Male,27,Engineering,Remote,67824.00
100754,Hussein,Garfit,Male,35,Engineering,On-site,70980.00
100755,Sansone,Gibbins,Male,48,Services,On-site,37368.00
100756,Ewen,Hildrew,Male,38,Support,On-site,40740.00
100757,Paola,Atkin,Female,33,Support,On-site,44676.00
100758,Ximenes,Kopps,Male,24,Support,Remote,69204.00
100759,Bald,Dunne,Male,34,Services,Remote,43944.00
100760,Gasparo,Hudson,Male,34,Sales,Remote,40872.00
100761,Ephrayim,Oneal,Male,34,Services,On-site,50736.00
100762,Nicolle,Fairy,Female,32,Accounting,On-site,49728.00
100763,Brion,Coorington,Male,51,Engineering,Remote,51276.00
100764,Michelle,Mudle,Female,50,Services,Remote,50952.00
100765,Bertram,Frape,Male,36,Accounting,Hybrid,39228.00
100766,Elisha,Rushworth,Male,38,Sales,Remote,38076.00
100767,Findlay,Domanski,Male,36,Services,On-site,67788.00
100768,Madalena,Wenman,Female,29,Accounting,Remote,70668.00
100769,Maxwell,Sanders,Male,52,Sales,Hybrid,51192.00
100770,Jerrie,Gordon,Male,54,Services,Remote,75528.00
100771,Ginna,Kiebes,Female,42,Support,Hybrid,44676.00
100772,Killy,Buddleigh,Male,33,Services,On-site,43860.00
100773,Hershel,Vasyaev,Male,44,Accounting,On-site,37956.00
100774,Albert,Guthrum,Male,27,Engineering,Remote,41448.00
100775,Mareleen,Grunguer,Female,49,Engineering,Remote,68676.00
100776,Tina,Felce,Female,35,Engineering,On-site,65328.00
100777,Mel,Pincked,Male,28,Support,Hybrid,67452.00
100778,Carlo,Schoenrock,Male,35,Engineering,Hybrid,56052.00
100779,Randal,Andrichak,Male,42,Engineering,Remote,56736.00
100780,Delmor,Vignal,Male,41,Services,Hybrid,59220.00
100781,Skipton,Pavlasek,Male,38,Support,Remote,39036.00
100782,Brantley,Vardon,Male,53,Services,On-site,64944.00
100783,Vale,Cranage,Female,36,Sales,Remote,41484.00
100784,Gaile,Danigel,Male,37,Engineering,Hybrid,37188.00
100785,Laurens,Gianotti,Male,31,Services,Remote,43356.00
100786,Merwin,Featenby,Male,30,Support,Remote,39336.00
100787,Val,Dobbing,Male,38,Services,On-site,59172.00
100788,Michele,Wright,Male,35,Services,On-site,63300.00
100789,Jacques,Malster,Male,52,Engineering,Hybrid,52704.00
100790,Thorvald,Kristiansen,Male,54,Engineering,Hybrid,53940.00
100791,Wake,Portingale,Male,31,Sales,Remote,43548.00
100792,Max,L'Amie,Male,37,Engineering,On-site,54408.00
100793,Mary,Ison,Female,54,Sales,Remote,54408.00
100794,Nury,McKeady,Female,35,Support,Hybrid,44676.00
100795,Aydha,Fairclough,Female,28,Support,Remote,38388.00
100796,Abbott,Arbon,Male,41,Marketing,Hybrid,45996.00
100797,Mickey,"Le Borgne",Male,39,Support,Remote,44952.00
100798,Pavlov,Edwins,Male,31,Engineering,Remote,59952.00
100799,Gayelord,Pingstone,Male,24,Engineering,On-site,80652.00
100800,Montague,Krienke,Male,43,Accounting,Remote,39624.00
100801,Lind,McCarrell,Male,27,Services,Remote,37380.00
100802,Jakie,Loft,Male,32,Sales,Remote,38184.00
100803,Kaiser,Chesley,Male,42,Engineering,On-site,72948.00
100804,Berti,Scourfield,Male,43,Sales,On-site,63636.00
100805,Gayelord,Savage,Male,31,Services,On-site,49548.00
100806,Brewer,Hamlett,Male,48,Engineering,Remote,52464.00
100807,Zebadiah,Castanaga,Male,47,Engineering,On-site,40488.00
100808,Kinnie,Ferneyhough,Male,36,Sales,Hybrid,61596.00
100809,Wolf,Dore,Male,34,Support,Remote,59484.00
100810,Berk,Sproat,Male,36,Services,Remote,65964.00
100811,Lyn,Bandy,Male,52,Sales,Hybrid,43380.00
100812,Reinald,Songist,Male,32,Sales,Remote,52980.00
100813,Lew,Westwell,Male,38,Engineering,On-site,61716.00
100814,Hammad,Wrotchford,Male,53,Sales,Remote,36816.00
100815,Carolinne,Melliard,Female,28,Engineering,On-site,61848.00
100816,Erek,Arons,Male,37,Engineering,On-site,60228.00
100817,Gualterio,Upshall,Male,28,Engineering,On-site,39396.00
100818,Doy,Ismead,Male,39,Engineering,Hybrid,37476.00
100819,Lanny,Mitcheson,Male,30,Engineering,Hybrid,58488.00
100820,Emma,DeStoop,Female,55,Services,Remote,67104.00
100821,Oswald,Whapple,Male,37,Engineering,On-site,71796.00
100822,Rubby,Franek,Female,52,Support,Remote,59628.00
100823,Keefe,Brody,Male,45,Services,On-site,44544.00
100824,Hazlett,Terrans,Male,26,"Human Resources",Hybrid,38148.00
100825,Celeste,Rous,Female,41,Engineering,On-site,45660.00
100826,Emma,Ferraro,Female,54,Support,On-site,71904.00
100827,Daniella,Brundrett,Female,39,Accounting,On-site,40716.00
100828,Bill,Dufour,Male,39,Engineering,Hybrid,55044.00
100829,Karla,Coggeshall,Female,37,Sales,Hybrid,47856.00
100830,Katherine,Rubinek,Female,38,Support,Hybrid,63288.00
100831,Isabell,Cutajar,Female,30,Engineering,Hybrid,69132.00
100832,Nath,Couvert,Female,54,Engineering,Hybrid,56664.00
100833,Augustine,Jaggli,Male,35,Support,On-site,44676.00
100834,Aristotle,Tonbye,Male,37,Engineering,Hybrid,70572.00
100835,Ximena,Peplay,Female,27,Marketing,On-site,53724.00
100836,Cirilo,Strathdee,Male,26,Sales,On-site,46968.00
100837,Baxie,Eilhermann,Male,50,Engineering,Remote,50316.00
100838,Zoila,Kliesl,Female,35,Services,On-site,50328.00
100839,Sonia,Wickrath,Female,32,Marketing,Remote,53436.00
100840,Stella,Rodgerson,Female,35,Sales,On-site,58908.00
100841,Sandra,Poller,Female,33,Engineering,Hybrid,67716.00
100842,Meier,Haisell,Male,36,"Human Resources",Hybrid,44256.00
100843,Cass,Jestico,Male,45,Sales,On-site,40896.00
100844,Adiella,Chappelle,Female,26,Services,Remote,43548.00
100845,Gerik,Schanke,Male,49,Accounting,Hybrid,64428.00
100846,Roy,MacCumeskey,Male,27,Engineering,On-site,68556.00
100847,Mozes,Masselin,Male,31,Engineering,On-site,69180.00
100848,Reinaldos,Cawker,Male,36,Services,Remote,58872.00
100849,Richard,Lohoar,Male,50,Engineering,Remote,42888.00
100850,Adele,Syfax,Female,52,Engineering,Remote,43140.00
100851,Reed,Rosier,Male,42,Engineering,On-site,68916.00
100852,Hersch,Venditto,Male,28,Services,Hybrid,52488.00
100853,Nikka,Ebourne,Female,28,Engineering,Remote,70584.00
100854,Leo,Muzzi,Male,29,Support,Remote,44676.00
100855,Renatta,Bagby,Female,51,Support,Remote,66324.00
100856,Leonhard,Goghin,Male,43,Sales,Hybrid,64092.00
100857,Peirce,Curnucke,Male,36,Services,On-site,40092.00
100858,Martinna,Welfair,Female,43,Support,On-site,45300.00
100859,Mannie,Domek,Female,54,Engineering,On-site,66876.00
100860,Johannah,Tunniclisse,Female,41,Marketing,Hybrid,52488.00
100861,Gates,"O' Driscoll",Female,35,Services,Hybrid,59376.00
100862,Caresa,Dissman,Female,33,Engineering,Hybrid,36996.00
100863,Linda,Gillam,Female,39,Engineering,Remote,55740.00
100864,Marjy,Petracco,Male,41,Services,On-site,43248.00
100865,Sibylla,Linch,Female,47,Engineering,Remote,55236.00
100866,Leona,Stern,Female,50,Sales,Remote,64644.00
100867,Bonny,Bradshaw,Female,34,Engineering,On-site,68064.00
100868,Flin,Pritchard,Male,33,Services,On-site,57888.00
100869,Thorvald,Godbert,Male,45,Engineering,Remote,67620.00
100870,Douglass,Covill,Male,42,Engineering,On-site,60996.00
100871,Peta,McKague,Female,39,Services,On-site,48336.00
100872,Lacie,Ribou,Female,51,Services,Hybrid,41748.00
100873,Jacynth,Schruur,Female,45,Engineering,Remote,48456.00
100874,Patten,Fluit,Male,52,"Human Resources",Remote,37452.00
100875,Dillon,Healey,Male,26,Engineering,Hybrid,60516.00
100876,Fee,Ivashintsov,Male,31,Marketing,Hybrid,40620.00
100877,Jeth,Lacaze,Male,53,Sales,Remote,59328.00
100878,Filberte,Dennick,Male,28,Sales,Remote,46140.00
100879,Abbott,Maris,Male,26,Services,On-site,56976.00
100880,Jerad,Limpkin,Male,54,Engineering,Remote,66144.00
100881,Lulita,Witchard,Female,30,Sales,Hybrid,60048.00
100882,Beverly,Parr,Female,45,Sales,Remote,41136.00
100883,Mersey,Davage,Female,39,Services,Remote,63384.00
100884,Loree,Marusic,Female,46,Support,Hybrid,38208.00
100885,Corene,Fedorski,Female,28,Engineering,On-site,69792.00
100886,Abel,Higgonet,Male,54,Services,Remote,65556.00
100887,Bruno,Waumsley,Male,52,Engineering,Remote,49068.00
100888,Maria,Potkins,Female,25,Engineering,Hybrid,44220.00
100889,Byran,Dine-Hart,Male,52,Support,Hybrid,48984.00
100890,Abner,Vallender,Female,42,Services,Hybrid,48060.00
100891,Vivia,Castagnet,Female,36,Support,Hybrid,44676.00
100892,Philippa,MacCrosson,Male,47,Engineering,Remote,70032.00
100893,Anthony,Irce,Male,31,Engineering,Remote,59904.00
100894,Jereme,Carmel,Male,54,Services,On-site,41700.00
100895,Josellin,Ind,Female,51,Services,Hybrid,49272.00
100896,Igor,Bradneck,Male,30,Engineering,On-site,48612.00
100897,Ariana,Berston,Female,25,Engineering,On-site,69168.00
100898,Arnaldo,Blincow,Male,44,Accounting,Hybrid,46332.00
100899,Giovanni,Quarry,Male,52,Engineering,Hybrid,66132.00
100900,Saul,Rickson,Male,40,Engineering,Hybrid,50352.00
100901,Onfre,Ballchin,Male,39,Engineering,Remote,69768.00
100902,Claudell,Iacobo,Male,36,Services,Remote,64260.00
100903,Tobe,Hertwell,Male,42,Support,On-site,65820.00
100904,Sebastiano,Showering,Male,27,Support,Remote,45996.00
100905,Killian,Duncanson,Male,27,Support,Hybrid,41304.00
100906,Kelly,Crosetti,Female,31,Sales,Remote,49968.00
100907,Wilbur,Hazelden,Male,29,Sales,Hybrid,65352.00
100908,Parker,Cureton,Male,37,"Human Resources",Hybrid,52620.00
100909,Shayna,Corneliussen,Female,43,Marketing,On-site,39420.00
100910,Blythe,Carbin,Female,33,Sales,Remote,48048.00
100911,Saunders,Bastistini,Male,49,Sales,Hybrid,64224.00
100912,Oksana,Ebben,Female,26,Engineering,On-site,64452.00
100913,Nickey,Badman,Male,42,"Human Resources",Hybrid,39792.00
100914,Ernesto,Drewery,Male,34,Support,Remote,68820.00
100915,Kermy,Denk,Male,28,Engineering,Hybrid,63504.00
100916,Angy,Clother,Female,38,Engineering,Remote,41436.00
100917,Mavis,Keele,Female,36,Engineering,Remote,70884.00
100918,Laurens,Ritchley,Male,53,Engineering,Hybrid,49464.00
100919,Taylor,Aston,Male,46,Services,On-site,55548.00
100920,Angie,Giller,Female,43,Engineering,Remote,44148.00
100921,Halimeda,Castellani,Female,37,Services,Remote,39144.00
100922,Correy,Ditt,Female,35,"Human Resources",On-site,44172.00
100923,Krisha,Labuschagne,Male,34,Support,Remote,68220.00
100924,Batholomew,Caser,Male,28,Support,Hybrid,51516.00
100925,Niels,Schlagman,Male,44,Services,On-site,65700.00
100926,Kellen,Reignard,Male,28,Engineering,Remote,54660.00
100927,Worthington,Robshaw,Male,44,Engineering,Hybrid,65148.00
100928,Mal,Spreckley,Male,35,Engineering,Hybrid,70596.00
100929,Redd,Amesbury,Male,38,Support,Remote,39948.00
100930,Somerset,Tordiffe,Male,41,Engineering,On-site,50088.00
100931,Eldin,Walasik,Male,44,Engineering,Remote,47448.00
100932,Carly,Lapthorne,Male,41,Accounting,On-site,40212.00
100933,Dallis,Fetteplace,Male,53,Sales,Hybrid,50604.00
100934,Skipper,Grissett,Male,41,Engineering,On-site,59052.00
100935,Nev,Kyne,Male,37,Support,Remote,54300.00
100936,Mathe,Giacobillo,Male,36,Engineering,Remote,67164.00
100937,Kaspar,Doyland,Male,53,Engineering,Hybrid,69276.00
100938,Cosmo,Muttock,Male,26,Support,Remote,56184.00
100939,Allisson,Saller,Female,29,Services,On-site,65592.00
100940,Berty,Nutkin,Male,40,Services,Hybrid,61728.00
100941,Eduardo,Gammon,Male,39,Engineering,Hybrid,55896.00
100942,Dominique,Stent,Male,35,Engineering,Remote,66336.00
100943,Nicolle,Noriega,Female,52,Services,Remote,54252.00
100944,Rici,Derbyshire,Female,54,Support,On-site,44676.00
100945,Clayton,McGirr,Male,44,Engineering,Hybrid,67740.00
100946,Emmott,Burhill,Male,38,Services,On-site,60396.00
100947,Corbie,Mitro,Male,35,Support,Remote,52596.00
100948,Clayborn,Wordsley,Male,33,"Human Resources",On-site,47580.00
100949,Reinold,Sowerby,Male,38,"Human Resources",On-site,50352.00
100950,Sully,Yakebovich,Male,35,Engineering,On-site,68196.00
100951,Nathy,Bier,Female,30,Support,Hybrid,61548.00
100952,Win,Reichartz,Male,27,Engineering,On-site,62544.00
100953,Sheff,Sline,Male,39,Services,Hybrid,45660.00
100954,Maximilien,McElrath,Male,37,Marketing,Remote,39276.00
100955,Roxine,"De Nisco",Female,44,Engineering,Remote,48252.00
100956,Merilyn,Monksfield,Female,39,Support,On-site,50916.00
100957,Johannes,Domnick,Male,45,Engineering,On-site,65232.00
100958,Wanda,Prentice,Female,25,Support,Hybrid,54132.00
100959,Algernon,Surgood,Male,35,Support,On-site,56268.00
100960,Tripp,Rubinshtein,Male,42,Support,On-site,41916.00
100961,Gregorya,Orrett,Female,32,Support,Remote,62004.00
100962,Mano,Groundwater,Male,46,Services,Hybrid,65664.00
100963,Roosevelt,Fucher,Male,43,Marketing,Remote,57780.00
100964,Wallache,Luckes,Male,53,Support,On-site,36084.00
100965,Ulberto,Aspinwall,Male,43,Engineering,On-site,59088.00
100966,Leighton,Sinton,Male,43,Support,Remote,44676.00
100967,Kilian,Glyne,Male,48,Support,Hybrid,69504.00
100968,Frederico,Perrelli,Male,47,Services,Hybrid,60384.00
100969,Haroun,Cruess,Male,34,Engineering,Hybrid,71580.00
100970,Mireielle,Isakowicz,Female,31,Support,On-site,37296.00
100971,Alyda,Cater,Female,26,Engineering,Hybrid,69624.00
100972,Aylmer,Lerway,Male,49,Accounting,Remote,39780.00
100973,Hussein,Grigoli,Male,44,Services,On-site,51768.00
100974,Barrie,Caulket,Male,39,Support,On-site,56808.00
100975,Alexandro,Dougal,Male,51,Services,Hybrid,41304.00
100976,Kalil,Goncaves,Male,35,Sales,Hybrid,42948.00
100977,Virge,Galliver,Male,43,Sales,On-site,36792.00
100978,Marten,Cork,Male,41,Sales,On-site,63288.00
100979,Herbert,Alton,Male,26,Support,On-site,69096.00
100980,Roth,Spatig,Male,26,Engineering,Hybrid,59700.00
100981,Hewett,Gent,Male,27,Services,Remote,47580.00
100982,Gaylord,Scorey,Male,44,Engineering,On-site,60708.00
100983,Augustine,Swallwell,Male,35,Services,On-site,54792.00
100984,Palmer,Lackeye,Male,52,Services,Remote,53256.00
100985,Chad,Sealove,Male,35,Engineering,Remote,69180.00
100986,Marlon,Clem,Male,45,Engineering,On-site,50172.00
100987,Hayes,Dalgliesh,Male,44,Services,On-site,39420.00
100988,Hugibert,Gurnay,Male,41,Engineering,Remote,70584.00
100989,Wendel,Sowten,Female,34,Support,Hybrid,44676.00
100990,Elvin,Cunnah,Male,28,Services,On-site,49572.00
100991,Somerset,Dullard,Male,45,Marketing,Remote,48192.00
100992,Godfrey,Gelsthorpe,Male,44,Engineering,On-site,66912.00
100993,Crystin,Bottrill,Female,35,Engineering,Hybrid,81348.00
100994,Tulley,Frane,Male,36,Sales,On-site,56892.00
100995,Justinian,Frankum,Male,36,Engineering,Remote,78384.00
100996,Rabbi,Stonnell,Female,33,Support,On-site,39264.00
100997,Berkly,Escalante,Male,27,"Human Resources",Hybrid,53904.00
100998,Jordan,Harry,Male,48,Support,On-site,83556.00
100999,Lauritz,Georgeot,Female,30,Support,Remote,67188.00
