id_employee;first_name;last_name;gender;birth_date;departamento;    monthly_salary_usd    ;work_modality;country
100000;Terri;Lenz;hombre;06/30/1977;Support; $ 3,796 ;1;United States
100001;Perice;Sheehan;hombre;05/26/1989;Support; $ 3,742 ;0;United States
100002;Gordie;Gable;hombre;06/05/1974;Support; $ 3,782 ;0;United States
100003;Rasla;Burrows;mujer;10/20/1998;Engineering; $ 5,738 ;2;United States
100004;Walden;Eliassen;hombre;10/29/1974;Support; $ 4,338 ;2;United States
100005;Arney;Liveley;hombre;09/27/1975;Engineering; $ 4,856 ;1;United States
100006;Jenna;McMackin;mujer;11/27/1982;Engineering; $ 5,399 ;2;United States
100007;Waylan;Garstan;hombre;11/10/1990;Services; $ 5,144 ;2;United States
100008;Cindelyn;Jentin;mujer;09/22/1982;Engineering; $ 5,817 ;1;United States
100009;Granville;Tittershill;hombre;03/16/1992;Sales; $ 3,013 ;1;United States
100010;Marsha;Judron;mujer;06/12/1980;Engineering; $ 5,592 ;2;United States
100011;Thaine;Godber;mujer;12/16/1980;Engineering; $ 4,656 ;2;United States
100012;Baird;Mussotti;hombre;11/14/1970;Sales; $ 4,644 ;2;United States
100013;Merv;Lodder;hombre;04/03/1995;Human Resources; $ 3,218 ;0;United States
100014;Obed;Vergine;hombre;02/08/1991;Services; $ 5,194 ;2;United States
100015;Dinny;Gutman;mujer;05/28/1990;Engineering; $ 3,801 ;2;United States
100016;Laure;Mahmood;mujer;12/16/1982;Support; $ 3,742 ;0;United States
100017;Niles;Ashlin;hombre;05/17/2000;Marketing; $ 3,611 ;2;United States
100018;Mar;Blasius;hombre;11/20/1978;Accounting; $ 3,297 ;2;United States
100019;Querida;Roose;mujer;12/23/1981;Services; $ 4,985 ;2;United States
100020;Tracy;Pentin;hombre;12/21/1971;Sales; $ 4,456 ;2;United States
100021;Egon;Deem;hombre;04/25/1998;Engineering; $ 4,074 ;2;United States
100022;Gilligan;Spare;mujer;02/21/1977;Services; $ 4,093 ;2;United States
100023;Kit;Quick;mujer;04/13/1979;Support; $ 3,854 ;2;United States
100024;Warner;Weir;hombre;05/20/1980;Accounting; $ 3,692 ;2;United States
100025;Leontyne;Bergstram;mujer;05/31/1992;Services; $ 3,413 ;2;United States
100026;Kylie;Almeida;hombre;01/20/1994;Marketing; $ 3,435 ;1;United States
100027;Madelene;Beagin;mujer;09/11/1982;Marketing; $ 3,962 ;1;United States
100028;Aubree;Hamner;mujer;09/29/1975;Engineering; $ 5,376 ;2;United States
100029;Natasha;Thorsby;mujer;12/19/1971;Services; $ 4,688 ;2;United States
100030;Ronald;Timmens;hombre;06/28/1990;Support; $ 4,017 ;2;United States
100031;Jim;Batrim;hombre;06/09/1974;Support; $ 4,566 ;2;United States
100032;Vite;Gonsalo;hombre;01/25/1989;Support; $ 3,011 ;2;United States
100033;Verge;Winship;hombre;05/13/1994;Accounting; $ 3,313 ;2;United States
100034;Lenci;Lots;hombre;07/21/1984;Engineering; $ 5,434 ;2;United States
100035;Ulric;Nyssens;hombre;10/07/1983;Marketing; $ 3,626 ;2;United States
100036;Rodge;Sherrard;hombre;07/15/1998;Human Resources; $ 3,291 ;2;United States
100037;Rip;Millea;hombre;11/13/1976;Support; $ 3,782 ;2;United States
100038;Base;Jacquemet;hombre;03/27/1973;Marketing; $ 4,583 ;2;United States
100039;Jens;Chappel;hombre;08/24/1971;Engineering; $ 4,728 ;2;United States
100040;Orton;Low;hombre;02/02/1994;Sales; $ 5,298 ;2;United States
100041;Franky;Eliez;hombre;07/05/1979;Engineering; $ 5,689 ;2;United States
100042;Edgardo;Aylott;hombre;01/31/1980;Engineering; $ 4,814 ;2;United States
100043;Darin;Potell;hombre;10/29/1978;Engineering; $ 5,943 ;2;United States
100044;Griffin;Ladds;hombre;05/06/1981;Support; $ 4,408 ;2;United States
100045;Marlo;Legg;hombre;03/29/1995;Accounting; $ 3,722 ;2;United States
100046;Valeria;Demougeot;mujer;04/27/1971;Engineering; $ 3,948 ;2;United States
100047;Shellysheldon;Coast;hombre;09/16/1977;Support; $ 3,782 ;2;United States
100048;Waylen;Delaney;hombre;09/05/1999;Accounting; $ 3,589 ;2;United States
100049;Richmond;Neno;hombre;11/23/1973;Human Resources; $ 3,223 ;2;United States
100050;Langsdon;Spier;hombre;02/25/1976;Sales; $ 3,146 ;1;United States
100051;Tadeo;Fechnie;hombre;06/05/1985;Support; $ 3,019 ;2;United States
100052;Olag;Urey;hombre;06/12/1986;Engineering; $ 5,509 ;0;United States
100053;Theodoric;Pidgeley;hombre;09/03/1976;Accounting; $ 3,215 ;2;United States
100054;Torrance;Pettet;hombre;09/17/1989;Accounting; $ 4,845 ;2;United States
100055;Cleveland;Renols;hombre;04/09/1988;Support; $ 3,444 ;2;United States
100056;Alex;Ainscow;hombre;01/11/1983;Support; $ 6,789 ;0;United States
100057;Ruddy;Haylock;hombre;03/31/1986;Sales; $ 4,324 ;2;United States
100058;Errol;Houseman;hombre;11/08/1993;Sales; $ 3,892 ;2;United States
100059;Zeb;Perillio;hombre;01/13/1985;Support; $ 4,884 ;2;United States
100060;Donaugh;Camidge;hombre;05/17/1990;Accounting; $ 3,179 ;2;United States
100061;Vance;Whittock;hombre;03/26/1992;Engineering; $ 5,094 ;0;United States
100062;Ramsay;Le Conte;hombre;03/23/1975;Engineering; $ 5,132 ;2;United States
100063;Trueman;Gut;hombre;04/26/1994;Human Resources; $ 4,368 ;0;United States
100064;Augustin;Westmerland;hombre;08/21/1995;Engineering; $ 5,248 ;2;United States
100065;Tony;Haddick;hombre;06/08/1988;Support; $ 5,808 ;2;United States
100066;Codie;Sommerlin;hombre;12/13/1995;Services; $ 5,599 ;2;United States
100067;Steward;Silkston;hombre;11/11/1985;Engineering; $ 5,946 ;2;United States
100068;Jaye;Spinke;hombre;01/04/1988;Accounting; $ 3,548 ;2;United States
100069;Fina;Farlow;mujer;02/25/1998;Services; $ 5,998 ;2;United States
100070;Nikoletta;Khrishtafovich;mujer;03/02/1993;Sales; $ 4,987 ;2;United States
100071;Cale;De Bruyne;hombre;12/19/1977;Sales; $ 3,174 ;1;United States
100072;Derward;Woolward;hombre;12/09/1999;Support; $ 6,219 ;2;United States
100073;Sanson;Tidcombe;hombre;12/12/1988;Services; $ 5,152 ;2;United States
100074;Kristoforo;Ferschke;hombre;08/27/1994;Support; $ 4,378 ;2;United States
100075;Filberte;Arne;hombre;10/08/1999;Engineering; $ 5,692 ;2;United States
100076;Bordy;Cuniam;mujer;05/12/1973;Sales; $ 4,717 ;1;United States
100077;Timothee;Amor;hombre;12/02/1978;Engineering; $ 4,018 ;2;United States
100078;Hayden;McBride;hombre;03/31/1987;Services; $ 5,161 ;2;United States
100079;Noel;MacAscaidh;mujer;12/07/1997;Services; $ 3,595 ;2;United States
100080;Mandel;MacAndie;hombre;05/27/1992;Sales; $ 3,756 ;2;United States
100081;Joelle;Hellmer;mujer;09/25/1987;Engineering; $ 5,744 ;2;United States
100082;Ginnifer;Yeates;mujer;11/19/1977;Human Resources; $ 3,621 ;2;United States
100083;Vanni;Edelmann;mujer;05/13/1987;Sales; $ 3,344 ;2;United States
100084;Alfie;Camoletto;hombre;07/12/1993;Sales; $ 4,612 ;2;United States
100085;Rosette;Downgate;mujer;09/22/1986;Services; $ 5,942 ;2;United States
100086;Decca;Thicking;hombre;06/11/1978;Support; $ 3,782 ;0;United States
100087;Felic;Mableson;hombre;02/22/1999;Engineering; $ 3,979 ;2;United States
100088;Zollie;Troak;hombre;12/29/1993;Marketing; $ 3,836 ;2;United States
100089;Kip;Hartzenberg;hombre;12/16/1973;Services; $ 3,912 ;2;United States
100090;Hammad;Coners;hombre;04/25/1987;Engineering; $ 3,918 ;2;United States
100091;Birch;Burrett;hombre;10/18/1985;Support; $ 4,436 ;0;United States
100092;Rhett;Grain;hombre;04/10/1971;Engineering; $ 5,902 ;2;United States
100093;Abbie;Gyrgorwicx;hombre;12/03/1990;Support; $ 3,782 ;2;United States
100094;Herculie;Martyn;hombre;11/08/1988;Engineering; $ 5,542 ;2;United States
100095;Tobiah;Passion;hombre;01/03/1980;Sales; $ 3,348 ;2;United States
100096;Brnaby;Tumpane;hombre;05/14/1997;Engineering; $ 3,821 ;2;United States
100097;Bendix;Mottini;hombre;05/04/1996;Sales; $ 4,415 ;2;United States
100098;Vernen;Trembley;hombre;02/27/1975;Support; $ 3,782 ;2;United States
100099;Aguistin;de Aguirre;hombre;07/13/1985;Engineering; $ 5,079 ;2;United States
100100;Israel;Kennifick;hombre;02/23/1996;Engineering; $ 4,093 ;0;United States
100101;Barn;Simnel;hombre;06/23/1980;Marketing; $ 3,542 ;2;United States
100102;Michel;Nardoni;hombre;12/20/1975;Engineering; $ 4,567 ;2;United States
100103;Orion;Jacques;hombre;04/20/1974;Marketing; $ 3,503 ;2;United States
100104;Goran;Shearsby;hombre;05/07/1994;Human Resources; $ 3,488 ;0;United States
100105;Arel;Ternault;hombre;01/03/1973;Services; $ 3,373 ;2;United States
100106;Bastian;Tullett;hombre;08/21/1973;Services; $ 5,627 ;2;United States
100107;Hershel;Lyard;hombre;02/25/1990;Human Resources; $ 3,694 ;2;United States
100108;Winnie;Ledger;mujer;09/22/1996;Engineering; $ 5,807 ;2;United States
100109;Tracy;Liddyard;hombre;08/04/1988;Support; $ 4,677 ;0;United States
100110;Barnie;Carver;hombre;08/05/1983;Services; $ 4,721 ;2;United States
100111;Augie;Beeres;hombre;10/07/1972;Engineering; $ 3,609 ;2;United States
100112;Angeline;Coyte;mujer;01/29/1980;Human Resources; $ 3,512 ;0;United States
100113;Sheena;Guiraud;mujer;08/07/1985;Sales; $ 4,332 ;1;United States
100114;Hamish;Meriet;hombre;09/03/1992;Support; $ 4,487 ;0;United States
100115;Roselin;Jammes;mujer;10/02/1972;Services; $ 5,092 ;2;United States
100116;Brandice;Glennie;mujer;03/11/1993;Services; $ 4,922 ;2;United States
100117;Benedick;Studholme;hombre;07/01/1998;Services; $ 5,917 ;2;United States
100118;Liva;Eldered;mujer;03/12/1992;Sales; $ 4,883 ;2;United States
100119;Manny;Oldfield-Cherry;hombre;10/14/1985;Engineering; $ 5,892 ;0;United States
100120;Saraann;Pinnere;mujer;03/21/1989;Engineering; $ 4,531 ;0;United States
100121;Kamila;Dymock;mujer;12/10/1995;Support; $ 3,782 ;2;United States
100122;Rochester;Fache;hombre;04/16/1975;Engineering; $ 5,199 ;2;United States
100123;Gaston;Whitewood;hombre;06/27/1992;Services; $ 5,723 ;2;United States
100124;Erik;Bream;hombre;04/14/1972;Human Resources; $ 3,177 ;2;United States
100125;Abbott;Smieton;hombre;09/11/1996;Accounting; $ 3,763 ;2;United States
100126;Brand;Abramovitch;hombre;03/08/1972;Engineering; $ 6,607 ;0;United States
100127;Jozef;Gravie;hombre;06/03/1975;Support; $ 4,936 ;2;United States
100128;Lane;McKeachie;mujer;09/11/1985;Engineering; $ 6,229 ;0;United States
100129;Georgeanne;Dymocke;mujer;11/05/1990;Accounting; $ 3,881 ;2;United States
100130;Claudio;Christoffels;hombre;07/31/1993;Engineering; $ 4,904 ;2;United States
100131;Colan;Rumble;hombre;04/09/1989;Services; $ 4,852 ;2;United States
100132;Smith;Etherington;hombre;07/24/1980;Support; $ 3,782 ;2;United States
100133;Kris;Kearford;hombre;07/31/1998;Engineering; $ 5,511 ;2;United States
100134;Sayer;Arndt;hombre;01/07/1981;Support; $ 3,782 ;2;United States
100135;Ezri;Segeswoeth;hombre;11/21/1994;Engineering; $ 3,967 ;2;United States
100136;Elton;Jacquemet;hombre;08/28/1972;Accounting; $ 3,957 ;2;United States
100137;Hadlee;Bicker;hombre;05/19/1994;Engineering; $ 5,574 ;2;United States
100138;Dell;Kennerknecht;mujer;09/10/1989;Support; $ 4,732 ;0;United States
100139;Worthington;Liddall;hombre;05/04/1996;Engineering; $ 5,034 ;2;United States
100140;Osborn;Ciementini;hombre;05/26/1974;Support; $ 5,443 ;0;United States
100141;Lynnett;Adair;mujer;10/20/1995;Services; $ 4,854 ;2;United States
100142;Lynnett;Jesson;hombre;11/16/1983;Support; $ 3,282 ;0;United States
100143;Thaddus;Lowdes;hombre;07/24/1999;Support; $ 3,282 ;0;United States
100144;Thia;Breming;mujer;05/24/1973;Engineering; $ 4,685 ;2;United States
100145;Lawry;Moens;hombre;10/18/1979;Support; $ 3,282 ;2;United States
100146;Gerta;Firpo;mujer;02/07/1983;Services; $ 4,711 ;2;United States
100147;Christin;Skene;mujer;08/21/1979;Services; $ 5,301 ;0;United States
100148;Greggory;Revell;hombre;06/28/1999;Services; $ 5,925 ;0;United States
100149;Oralla;Limprecht;mujer;06/26/1977;Support; $ 3,785 ;2;United States
100150;Andris;Oaks;hombre;05/31/1993;Engineering; $ 5,014 ;2;United States
100151;Haroun;Drynan;hombre;11/30/1998;Services; $ 5,621 ;2;United States
100152;Josie;Gobeau;mujer;06/03/1987;Engineering; $ 5,692 ;2;United States
100153;Zeke;Mainston;hombre;08/02/1976;Human Resources; $ 3,203 ;2;United States
100154;Kimmy;Clay;mujer;06/12/1979;Engineering; $ 5,645 ;0;United States
100155;Boonie;Knappen;hombre;10/20/1982;Engineering; $ 5,888 ;0;United States
100156;Sigfrid;Gilstin;hombre;06/28/1972;Support; $ 4,312 ;2;United States
100157;Turner;Doggrell;hombre;08/27/1982;Engineering; $ 5,099 ;0;United States
100158;Cherilyn;Drewry;mujer;11/23/1980;Accounting; $ 4,804 ;2;United States
100159;Kinnie;Hake;hombre;10/06/1996;Marketing; $ 4,699 ;2;United States
100160;Frans;Turnpenny;hombre;03/07/1995;Sales; $ 4,221 ;1;United States
100161;Frederich;Wrefford;hombre;07/14/2000;Support; $ 3,698 ;2;United States
100162;Fabe;Mouat;hombre;01/24/1992;Engineering; $ 3,691 ;0;United States
100163;Edgardo;Sysland;hombre;01/12/1994;Engineering; $ 5,456 ;2;United States
100164;Antonella;Elstub;mujer;09/19/1972;Engineering; $ 4,217 ;2;United States
100165;Bail;Fairweather;hombre;06/09/1998;Engineering; $ 5,266 ;2;United States
100166;Ranna;Baltzar;mujer;12/19/1997;Engineering; $ 3,974 ;2;United States
100167;Travis;Skerme;hombre;10/28/1982;Engineering; $ 5,919 ;0;United States
100168;Jacquetta;Petherick;mujer;04/21/1988;Engineering; $ 6,035 ;2;United States
100169;Jane;Dorkens;mujer;08/08/1997;Engineering; $ 4,259 ;2;United States
100170;Somerset;Schubbert;hombre;03/14/1972;Engineering; $ 5,364 ;0;United States
100171;Hale;Desseine;hombre;06/23/1992;Engineering; $ 5,006 ;2;United States
100172;Ammy;Grutchfield;mujer;07/29/1986;Engineering; $ 6,898 ;2;United States
100173;Hatti;Siege;mujer;05/29/1988;Engineering; $ 3,452 ;0;United States
100174;Rae;Concklin;mujer;04/12/1997;Engineering; $ 5,479 ;2;United States
100175;Jasen;Duncanson;hombre;11/18/1983;Engineering; $ 4,627 ;2;United States
100176;Joseph;Whaplington;hombre;06/11/1991;Engineering; $ 6,998 ;1;United States
100177;Lucias;Bachellier;hombre;06/30/1978;Engineering; $ 4,285 ;2;United States
100178;Vasilis;Saddleton;hombre;07/31/1980;Engineering; $ 5,212 ;0;United States
100179;Florie;Paske;mujer;08/07/1983;Services; $ 6,937 ;2;United States
100180;Gun;Schrader;hombre;12/28/1975;Engineering; $ 4,313 ;0;United States
100181;Luther;Bernhardi;hombre;06/18/1977;Engineering; $ 4,236 ;2;United States
100182;Aharon;Santello;hombre;04/17/1982;Engineering; $ 5,842 ;0;United States
100183;Kurt;Gowthorpe;hombre;03/14/1981;Support; $ 4,691 ;0;United States
100184;Dulce;Tregenna;mujer;12/27/1993;Engineering; $ 4,176 ;2;United States
100185;Harlan;Barbie;hombre;02/21/1978;Accounting; $ 3,334 ;2;United States
100186;Frederich;Jedrzaszkiewicz;hombre;04/29/1974;Engineering; $ 5,403 ;0;United States
100187;Joete;Vlasov;mujer;02/26/1985;Support; $ 4,548 ;2;United States
100188;Crosby;Eva;hombre;04/14/1989;Services; $ 5,041 ;2;United States
100189;Bartolomeo;Bryenton;hombre;12/17/1975;Sales; $ 4,263 ;2;United States
100190;Devonna;Wilks;mujer;05/04/1994;Marketing; $ 4,758 ;2;United States
100191;Mauricio;Tessington;hombre;02/25/1999;Services; $ 5,025 ;2;United States
100192;Carlye;Beaglehole;mujer;02/03/1992;Accounting; $ 5,933 ;2;United States
100193;Bron;Polding;hombre;12/13/1988;Marketing; $ 4,578 ;2;United States
100194;Gale;Meas;hombre;12/18/1990;Support; $ 3,889 ;0;United States
100195;Serge;Dilke;hombre;09/22/2000;Support; $ 4,039 ;0;United States
100196;Travus;Corbin;hombre;08/29/1992;Engineering; $ 3,012 ;2;United States
100197;Iorgos;Rosetti;hombre;07/25/1986;Services; $ 4,022 ;2;United States
100198;Fielding;Danilovich;hombre;03/12/1995;Services; $ 4,039 ;2;United States
100199;Valene;Szymczyk;mujer;04/14/1998;Engineering; $ 4,447 ;2;United States
100200;Ode;Quilleash;hombre;10/30/1989;Sales; $ 4,733 ;2;United States
100201;Clim;Deaves;hombre;11/29/1990;Support; $ 3,692 ;0;United States
100202;Baxy;Quakley;hombre;09/18/1994;Accounting; $ 4,144 ;2;United States
100203;Valdemar;McTurk;hombre;03/17/1979;Engineering; $ 5,551 ;2;United States
100204;Sancho;Gentle;hombre;12/28/1979;Support; $ 4,282 ;2;United States
100205;Gerick;Shilito;hombre;02/08/1975;Engineering; $ 5,679 ;2;United States
100206;Tucker;Whetnell;hombre;11/01/1972;Support; $ 3,282 ;2;United States
100207;Leonardo;Glashby;hombre;12/30/1974;Support; $ 4,831 ;2;United States
100208;Parry;Biswell;hombre;03/24/2000;Human Resources; $ 3,008 ;2;United States
100209;Francis;Vinau;hombre;02/09/1978;Sales; $ 5,408 ;2;United States
100210;Bobby;Cadlock;hombre;06/08/1982;Marketing; $ 3,228 ;1;United States
100211;Roley;Dyzart;hombre;06/15/1980;Services; $ 3,313 ;2;United States
100212;Robin;Korneichik;hombre;03/03/1991;Human Resources; $ 4,352 ;2;United States
100213;Ric;Ochterlony;hombre;10/13/1979;Engineering; $ 5,649 ;2;United States
100214;Sauncho;Scoffham;hombre;02/18/1976;Accounting; $ 3,784 ;2;United States
100215;Romeo;Mulkerrins;hombre;12/19/1970;Sales; $ 3,023 ;2;United States
100216;Rodrick;Clayson;hombre;09/11/2000;Support; $ 4,166 ;2;United States
100217;Manda;Linne;mujer;03/13/1990;Support; $ 3,095 ;2;United States
100218;Jeremiah;Harte;hombre;09/16/1988;Accounting; $ 3,453 ;2;United States
100219;Corbett;Tofful;mujer;12/29/1988;Services; $ 3,602 ;2;United States
100220;Giorgi;Clemmow;hombre;07/11/1973;Engineering; $ 5,694 ;2;United States
100221;Kurtis;Brundall;hombre;06/06/1980;Support; $ 3,282 ;2;United States
100222;Nissa;Crum;mujer;09/25/1993;Support; $ 4,407 ;2;United States
100223;Kendall;Gault;hombre;01/25/1977;Accounting; $ 4,374 ;2;United States
100224;Tanner;Surmeyers;hombre;09/24/1977;Sales; $ 4,645 ;2;United States
100225;April;Rosenau;mujer;08/05/1985;Sales; $ 3,551 ;2;United States
100226;Gustaf;Harris;hombre;09/19/1992;Engineering; $ 4,959 ;2;United States
100227;Kean;Whorf;mujer;06/21/1977;Accounting; $ 3,177 ;2;United States
100228;Rich;Jedrzejczyk;hombre;04/25/1976;Sales; $ 3,391 ;2;United States
100229;Neille;Haugh;mujer;08/20/1994;Sales; $ 3,036 ;2;United States
100230;Debi;Trayes;mujer;03/04/1977;Marketing; $ 4,545 ;2;United States
100231;Andre;Veschambes;mujer;06/27/1989;Support; $ 3,282 ;2;United States
100232;Jefferson;Legen;hombre;11/29/1996;Services; $ 5,384 ;2;United States
100233;Welch;Epple;hombre;11/18/1985;Support; $ 4,222 ;2;United States
100234;Deloria;Coning;mujer;01/11/1991;Engineering; $ 5,651 ;2;United States
100235;Dael;Aldwich;hombre;11/17/1970;Engineering; $ 3,891 ;0;United States
100236;Leslie;Lythgoe;mujer;08/12/1980;Sales; $ 3,439 ;2;United States
100237;Emery;Thams;hombre;12/14/1974;Engineering; $ 4,596 ;2;United States
100238;Suzanne;Usher;mujer;09/19/1999;Engineering; $ 5,654 ;2;United States
100239;Damien;Skaid;hombre;05/03/1993;Services; $ 3,308 ;0;United States
100240;Charlton;Vitet;hombre;07/02/1989;Services; $ 4,742 ;2;United States
100241;Elia;Daltrey;mujer;10/23/1979;Services; $ 5,241 ;2;United States
100242;Gustaf;Castanos;mujer;03/19/1987;Support; $ 3,685 ;2;United States
100243;Wilhelm;Batters;hombre;05/20/1978;Engineering; $ 5,169 ;2;United States
100244;Dorie;De Maria;hombre;01/21/1981;Marketing; $ 4,785 ;2;United States
100245;Sabine;Wormleighton;mujer;12/08/1994;Engineering; $ 3,123 ;2;United States
100246;Mal;Ivachyov;hombre;04/20/1986;Support; $ 4,834 ;2;United States
100247;Valry;Matthisson;mujer;07/15/1998;Engineering; $ 5,334 ;2;United States
100248;Creigh;Dorning;hombre;10/16/1994;Services; $ 5,821 ;0;United States
100249;Rutter;Grenshields;hombre;11/22/1984;Sales; $ 4,652 ;2;United States
100250;Annemarie;Peller;mujer;05/15/1998;Support; $ 4,205 ;0;United States
100251;Vanya;Wehnerr;mujer;01/12/1988;Support; $ 3,214 ;2;United States
100252;Diandra;Kellie;mujer;06/17/1972;Marketing; $ 3,567 ;0;United States
100253;Giulia;Naish;mujer;04/13/1977;Marketing; $ 3,396 ;1;United States
100254;Parsifal;Wedmore;hombre;09/07/1994;Services; $ 3,018 ;2;United States
100255;Mead;Owbrick;hombre;08/24/2000;Support; $ 5,324 ;2;United States
100256;Ariel;MacKerley;hombre;06/30/1978;Support; $ 3,843 ;2;United States
100257;Georgy;Stitfall;hombre;12/01/1970;Services; $ 5,495 ;2;United States
100258;Antonino;Huckfield;hombre;10/06/1972;Accounting; $ 3,907 ;2;United States
100259;Eberhard;McKernan;hombre;05/02/2000;Services; $ 3,301 ;2;United States
100260;Barty;Tunnacliffe;hombre;03/18/1985;Accounting; $ 3,437 ;0;United States
100261;Aland;Beininck;hombre;09/16/1985;Services; $ 5,459 ;2;United States
100262;Sharon;Reisen;mujer;08/09/1971;Sales; $ 4,507 ;0;United States
100263;Patton;Fellgatt;hombre;01/15/1979;Support; $ 4,461 ;2;United States
100264;Kendrick;Handrick;hombre;10/23/1973;Services; $ 5,429 ;2;United States
100265;Yorker;Purkins;hombre;12/30/1980;Engineering; $ 3,797 ;2;United States
100266;Quinn;Shaw;hombre;04/06/1999;Engineering; $ 3,699 ;0;United States
100267;Kevin;Hansley;hombre;03/20/1988;Engineering; $ 3,534 ;2;United States
100268;Loy;Simoni;hombre;04/10/1987;Support; $ 3,282 ;1;United States
100269;Lucy;Kissell;mujer;06/30/1994;Engineering; $ 5,511 ;2;United States
100270;Wilbur;Abbess;hombre;07/29/1989;Engineering; $ 4,742 ;2;United States
100271;Farra;Rix;mujer;07/05/1996;Support; $ 4,028 ;1;United States
100272;Clarke;Lourenco;hombre;05/23/1977;Engineering; $ 5,279 ;2;United States
100273;Rube;Spellissy;hombre;06/01/1982;Services; $ 4,279 ;0;United States
100274;Washington;Jessopp;hombre;08/23/1994;Engineering; $ 4,151 ;2;United States
100275;Hewett;Skaife;hombre;02/10/1987;Services; $ 3,756 ;0;United States
100276;Mohandis;Galle;hombre;05/06/1973;Support; $ 4,458 ;2;United States
100277;Ardelia;Klimsch;mujer;09/08/1986;Engineering; $ 5,958 ;0;United States
100278;Pammy;Rykert;mujer;07/01/1991;Engineering; $ 5,807 ;2;United States
100279;Carlie;Perring;mujer;05/06/1989;Sales; $ 3,891 ;2;United States
100280;Waylin;St Ange;hombre;05/15/1978;Services; $ 3,813 ;1;United States
100281;Brady;Sales;mujer;06/29/1987;Engineering; $ 4,239 ;0;United States
100282;Bern;Sutterfield;hombre;02/12/1978;Engineering; $ 5,537 ;0;United States
100283;Nevil;Vertigan;hombre;08/04/1997;Support; $ 3,282 ;2;United States
100284;Krysta;Baggs;mujer;07/09/1977;Sales; $ 3,732 ;0;United States
100285;Alister;Huckstepp;mujer;05/16/1985;Support; $ 4,329 ;1;United States
100286;Gal;Djokic;hombre;02/02/1985;Marketing; $ 4,366 ;1;United States
100287;Dita;Easey;mujer;01/06/1989;Support; $ 4,855 ;0;United States
100288;Minor;Curmi;hombre;05/30/1980;Sales; $ 5,065 ;0;United States
100289;Kathe;Late;mujer;03/01/1994;Engineering; $ 5,675 ;2;United States
100290;Nath;Ripley;mujer;09/08/1985;Support; $ 5,095 ;2;United States
100291;Maria;Grunnill;mujer;01/26/1971;Sales; $ 4,233 ;0;United States
100292;Scotty;Tilly;hombre;01/25/1973;Sales; $ 3,422 ;1;United States
100293;Alphard;Agron;hombre;12/06/1998;Engineering; $ 5,503 ;0;United States
100294;Claybourne;Edden;hombre;08/11/2000;Engineering; $ 4,534 ;2;United States
100295;Alexa;Dalgleish;mujer;02/15/1979;Engineering; $ 4,685 ;2;United States
100296;Geri;Giannotti;hombre;04/01/1984;Engineering; $ 6,598 ;2;United States
100297;Stephany;Cuseck;mujer;05/07/1985;Support; $ 6,865 ;2;United States
100298;Tisha;Kerwick;mujer;08/13/1978;Engineering; $ 5,755 ;2;United States
100299;Peter;Vannozzii;hombre;07/22/1987;Engineering; $ 4,121 ;2;United States
100300;Steffen;Aaron;hombre;02/08/1978;Engineering; $ 5,271 ;2;United States
100301;Alister;Eitter;hombre;07/18/1994;Support; $ 4,086 ;1;United States
100302;Benoit;Mozzini;hombre;05/11/1994;Accounting; $ 3,735 ;2;United States
100303;Jarred;Binestead;hombre;09/13/1989;Services; $ 4,973 ;2;United States
100304;Linda;Beebis;mujer;10/02/1998;Human Resources; $ 3,326 ;0;United States
100305;Rose;Kelberman;mujer;07/27/2000;Support; $ 5,734 ;0;United States
100306;Sauveur;Dafydd;hombre;12/28/1992;Accounting; $ 3,724 ;2;United States
100307;Leif;Pashan;hombre;09/06/1984;Services; $ 3,334 ;0;United States
100308;Anna;Wallege;mujer;10/29/1984;Engineering; $ 5,937 ;2;United States
100309;Meredeth;Kobke;hombre;06/16/1990;Engineering; $ 5,869 ;0;United States
100310;Katy;Hollingshead;mujer;09/06/1995;Engineering; $ 5,184 ;2;United States
100311;Simone;Renyard;hombre;09/13/2000;Support; $ 3,843 ;1;United States
100312;Sussy;Slocum;mujer;08/09/1983;Marketing; $ 4,956 ;2;United States
100313;Paddie;Winder;hombre;05/04/2000;Support; $ 4,953 ;0;United States
100314;Gregoor;Iskow;hombre;01/13/1981;Human Resources; $ 3,485 ;2;United States
100315;Emily;Latehouse;mujer;05/02/1996;Engineering; $ 5,601 ;2;United States
100316;Nika;Wisbey;mujer;10/24/1983;Marketing; $ 5,368 ;0;United States
100317;Stanislaus;Ferrulli;hombre;03/28/2000;Support; $ 3,282 ;0;United States
100318;Seumas;Lafoy;hombre;01/01/1996;Engineering; $ 4,985 ;2;United States
100319;Damian;Gronou;hombre;01/11/1993;Support; $ 3,282 ;0;United States
100320;Dewie;Beisley;hombre;12/23/1989;Engineering; $ 4,367 ;2;United States
100321;Emery;Bredes;hombre;08/12/1992;Services; $ 3,434 ;0;United States
100322;Leonard;Aindriu;hombre;07/11/1994;Sales; $ 3,093 ;1;United States
100323;Hansiain;Tuley;hombre;11/04/1996;Accounting; $ 5,244 ;2;United States
100324;Dud;Cottage;hombre;03/19/1978;Sales; $ 4,043 ;2;United States
100325;Doyle;Flucker;hombre;05/30/1999;Human Resources; $ 3,623 ;2;United States
100326;Henrik;Best;hombre;11/26/1973;Engineering; $ 4,648 ;0;United States
100327;Vinson;Bemment;hombre;04/25/1974;Support; $ 4,575 ;2;United States
100328;Herbie;Fairtlough;hombre;05/09/1978;Services; $ 3,144 ;1;United States
100329;Toby;Gibbieson;hombre;04/02/1994;Services; $ 3,526 ;2;United States
100330;Piotr;Moses;hombre;11/03/1996;Support; $ 4,954 ;0;United States
100331;Cesaro;Falck;hombre;03/19/1981;Services; $ 5,667 ;2;United States
100332;Marwin;Thirtle;hombre;07/03/1996;Engineering; $ 3,263 ;1;United States
100333;Sullivan;Mazillius;hombre;11/18/1984;Engineering; $ 5,606 ;0;United States
100334;Mannie;Grafton;hombre;04/05/1973;Engineering; $ 4,034 ;0;United States
100335;El;Bills;hombre;05/11/1987;Human Resources; $ 3,054 ;0;United States
100336;Geoff;Yuille;hombre;02/09/1997;Engineering; $ 5,416 ;0;United States
100337;Andris;Thornewill;hombre;01/18/1993;Services; $ 5,299 ;0;United States
100338;Witney;MacKimmie;mujer;04/15/1988;Sales; $ 4,533 ;2;United States
100339;Maria;Warsop;mujer;01/25/1989;Engineering; $ 4,069 ;1;United States
100340;Gram;Danskine;hombre;11/24/1976;Engineering; $ 6,317 ;2;United States
100341;Zak;Probbings;hombre;07/29/1973;Engineering; $ 4,663 ;1;United States
100342;Sauveur;Danilovic;hombre;08/06/1977;Engineering; $ 5,856 ;0;United States
100343;Stacy;Blackboro;mujer;06/28/1973;Engineering; $ 4,001 ;1;United States
100344;Maybelle;Thorne;mujer;05/29/1987;Support; $ 3,282 ;0;United States
100345;Jen;Pillinger;mujer;04/11/1980;Support; $ 3,005 ;0;United States
100346;Korney;MacAdam;mujer;08/17/1974;Services; $ 3,312 ;2;United States
100347;Odelinda;Carlan;mujer;02/06/1983;Engineering; $ 5,867 ;2;United States
100348;Helaine;Whitters;mujer;04/21/1974;Services; $ 4,875 ;1;United States
100349;Leontine;Colthard;hombre;08/08/1995;Engineering; $ 5,849 ;2;United States
100350;Ilario;Paskins;hombre;09/15/1997;Engineering; $ 4,766 ;2;United States
100351;Albrecht;Ellerby;hombre;12/02/1981;Services; $ 5,589 ;2;United States
100352;Jacquenette;Twelves;mujer;02/04/1980;Accounting; $ 4,011 ;2;United States
100353;Robina;Pray;mujer;07/29/1978;Engineering; $ 4,866 ;2;United States
100354;Malanie;Berardt;mujer;09/10/1981;Sales; $ 5,367 ;2;United States
100355;Kennie;Putterill;hombre;12/13/1989;Support; $ 4,931 ;2;United States
100356;Ansell;Dredge;hombre;01/22/1986;Accounting; $ 3,946 ;2;United States
100357;Elladine;Kiloh;mujer;01/06/1993;Engineering; $ 5,017 ;2;United States
100358;Esther;Jarry;mujer;11/05/1972;Support; $ 3,357 ;1;United States
100359;Nedda;Connue;mujer;03/16/1978;Services; $ 4,446 ;0;United States
100360;Yehudi;Halsall;hombre;04/02/1998;Accounting; $ 3,033 ;1;United States
100361;Lyman;Travis;hombre;11/19/1990;Engineering; $ 5,941 ;0;United States
100362;Lonni;Tolumello;mujer;06/19/1996;Services; $ 4,114 ;1;United States
100363;Corena;Morrieson;mujer;11/24/1981;Engineering; $ 5,051 ;1;United States
100364;Elke;Hannibal;mujer;03/31/1995;Support; $ 5,109 ;2;United States
100365;Silvester;Claesens;hombre;08/30/1996;Services; $ 5,207 ;0;United States
100366;Correy;Whitehead;hombre;08/21/1982;Services; $ 3,666 ;0;United States
100367;Nathaly;Gallety;mujer;07/15/1972;Engineering; $ 3,721 ;0;United States
100368;Claudius;Stockport;hombre;05/01/1988;Services; $ 5,537 ;0;United States
100369;Ruddie;McCluney;hombre;10/28/1972;Support; $ 3,424 ;0;United States
100370;Frederigo;Witcherley;mujer;07/21/1972;Services; $ 5,146 ;0;United States
100371;Maddy;Marval;mujer;05/14/1989;Engineering; $ 4,367 ;1;United States
100372;Crissie;Downing;mujer;05/27/1993;Accounting; $ 3,557 ;1;United States
100373;Rubie;Tyrie;hombre;03/27/1984;Services; $ 5,048 ;2;United States
100374;Glyn;McKane;hombre;01/02/1977;Services; $ 5,639 ;1;United States
100375;Uriah;Knolles-Green;mujer;02/22/2000;Engineering; $ 5,903 ;1;United States
100376;Teresita;Sansome;mujer;03/22/1994;Human Resources; $ 3,921 ;0;United States
100377;Shirlene;Summerlee;hombre;10/01/1993;Services; $ 5,508 ;0;United States
100378;Halette;Basilio;mujer;11/05/2000;Marketing; $ 3,259 ;2;United States
100379;Emily;Guilbert;mujer;01/13/1976;Sales; $ 4,431 ;1;United States
100380;Albrecht;Nendick;hombre;12/11/1986;Support; $ 4,788 ;1;United States
100381;Karlik;Eccott;hombre;03/11/1975;Engineering; $ 5,129 ;1;United States
100382;Ive;Brownett;hombre;11/08/1977;Support; $ 4,822 ;1;United States
100383;Giacopo;Wincott;mujer;05/06/1975;Engineering; $ 4,995 ;0;United States
100384;Roma;Humble;mujer;10/10/1975;Marketing; $ 4,227 ;2;United States
100385;Harlin;Peeter;hombre;09/29/1992;Support; $ 3,159 ;0;United States
100386;Terrill;MacLice;hombre;03/02/1974;Sales; $ 3,336 ;1;United States
100387;Bernard;Hanrott;hombre;12/07/1983;Engineering; $ 5,901 ;0;United States
100388;Katina;Bliven;mujer;07/10/1984;Sales; $ 3,995 ;2;United States
100389;Giacobo;Filimore;hombre;04/02/1984;Services; $ 3,768 ;0;United States
100390;Pepito;Chilcott;hombre;05/12/1989;Accounting; $ 3,322 ;1;United States
100391;Leopold;Streat;hombre;04/10/1999;Support; $ 3,282 ;1;United States
100392;Salvatore;Orgee;hombre;10/15/1976;Sales; $ 4,663 ;2;United States
100393;Averell;Riddeough;hombre;04/18/1991;Engineering; $ 5,407 ;0;United States
100394;Tome;Begwell;hombre;01/15/1974;Human Resources; $ 3,652 ;2;United States
100395;Shelley;Fardy;hombre;09/15/1985;Engineering; $ 5,494 ;2;United States
100396;Vernen;MacTrusty;hombre;07/14/1978;Engineering; $ 3,218 ;0;United States
100397;Elliott;Blazic;hombre;08/23/1973;Engineering; $ 5,949 ;0;United States
100398;Silvano;Silbersak;hombre;12/17/1985;Sales; $ 4,569 ;2;United States
100399;Delmar;Rogerson;mujer;01/13/1980;Engineering; $ 4,329 ;0;United States
100400;Helenna;Jeffes;mujer;09/10/1999;Engineering; $ 5,999 ;2;United States
100401;Angel;Baggaley;hombre;03/09/1981;Marketing; $ 4,987 ;2;United States
100402;Nikka;Carnock;mujer;10/22/1973;Human Resources; $ 4,045 ;2;United States
100403;Aloysius;Barrow;hombre;05/04/1986;Services; $ 5,163 ;2;United States
100404;Ellery;Segar;hombre;06/13/1971;Engineering; $ 4,976 ;1;United States
100405;Justis;Thring;hombre;01/01/1973;Sales; $ 5,205 ;2;United States
100406;Merv;Kabisch;mujer;02/09/1986;Engineering; $ 5,909 ;2;United States
100407;Walther;Cuddehay;hombre;12/15/1988;Services; $ 5,786 ;0;United States
100408;Hank;Flather;hombre;12/06/1983;Engineering; $ 3,373 ;0;United States
100409;Daryle;Badland;hombre;07/27/1987;Engineering; $ 4,439 ;1;United States
100410;Grace;Kirsche;mujer;09/06/1998;Services; $ 4,986 ;2;United States
100411;Christophe;Fransman;hombre;11/23/1987;Human Resources; $ 3,248 ;1;United States
100412;Winny;Dower;hombre;09/07/1971;Sales; $ 3,767 ;2;United States
100413;Avigdor;Beernaert;hombre;06/14/1981;Engineering; $ 3,944 ;0;United States
100414;Gram;Ellaman;hombre;03/02/1971;Engineering; $ 5,187 ;2;United States
100415;Katheleen;Dupoy;mujer;01/01/1976;Support; $ 3,282 ;1;United States
100416;Georgie;Guillem;hombre;03/13/1989;Engineering; $ 6,634 ;2;United States
100417;Reynold;Spritt;hombre;09/04/1992;Support; $ 3,357 ;2;United States
100418;Jamesy;Fetherstone;hombre;05/23/1993;Marketing; $ 3,627 ;0;United States
100419;Currie;Tunnick;hombre;05/22/1973;Engineering; $ 5,383 ;1;United States
100420;Doyle;Meekin;hombre;07/24/1977;Services; $ 3,478 ;2;United States
100421;Lucius;Fearick;hombre;04/08/1983;Services; $ 5,885 ;2;United States
100422;Merry;Duker;hombre;01/06/1972;Engineering; $ 5,754 ;0;United States
100423;Elizabeth;Bowmen;mujer;12/26/1999;Human Resources; $ 3,636 ;0;United States
100424;Anatol;Thunderman;hombre;08/25/1982;Accounting; $ 4,644 ;0;United States
100425;Tim;Eckersley;hombre;01/11/1988;Engineering; $ 4,651 ;0;United States
100426;Rowland;Polson;hombre;07/06/1979;Services; $ 4,854 ;1;United States
100427;Isabelle;Gayter;mujer;04/14/1999;Engineering; $ 5,982 ;1;United States
100428;Wyn;Duligal;hombre;05/02/2000;Support; $ 4,134 ;1;United States
100429;Katherine;Speachley;mujer;06/21/1974;Accounting; $ 3,081 ;0;United States
100430;Denny;Padson;hombre;10/02/1972;Services; $ 5,019 ;0;United States
100431;Darryl;Szimon;hombre;03/23/1989;Accounting; $ 4,614 ;2;United States
100432;Juana;Karchewski;mujer;01/13/1996;Marketing; $ 3,832 ;1;United States
100433;Troy;Emma;hombre;09/18/1972;Sales; $ 5,454 ;1;United States
100434;Gabriella;Ducaen;mujer;12/11/1979;Services; $ 5,527 ;2;United States
100435;Rowney;Handy;hombre;06/24/1985;Engineering; $ 5,542 ;2;United States
100436;Oberon;Renshall;hombre;06/22/1987;Support; $ 3,172 ;1;United States
100437;Gregory;Broek;hombre;09/17/1987;Marketing; $ 3,739 ;2;United States
100438;Keene;Perrelle;hombre;05/25/1983;Engineering; $ 4,655 ;2;United States
100439;Dwight;Ilett;hombre;03/28/1977;Engineering; $ 5,495 ;1;United States
100440;Ruperto;Clague;hombre;05/20/1982;Services; $ 3,854 ;2;United States
100441;Chen;Duhig;hombre;08/06/1974;Accounting; $ 4,302 ;1;United States
100442;Andreina;Lambertini;mujer;02/26/1976;Services; $ 3,869 ;2;United States
100443;Lyndsay;Yirrell;mujer;07/09/1989;Marketing; $ 3,835 ;1;United States
100444;Catie;Espine;mujer;05/31/1987;Sales; $ 4,241 ;2;United States
100445;Fred;Menichillo;hombre;05/24/1982;Marketing; $ 4,744 ;2;United States
100446;Natalie;Craddy;mujer;10/02/1981;Sales; $ 4,986 ;2;United States
100447;Levi;Gainforth;hombre;11/20/1985;Engineering; $ 5,988 ;1;United States
100448;Stephanie;Biddles;mujer;03/29/1988;Accounting; $ 5,349 ;0;United States
100449;Parsifal;Kenway;hombre;12/05/1978;Support; $ 5,799 ;1;United States
100450;Brad;Dorning;hombre;06/29/1995;Sales; $ 3,514 ;2;United States
100451;Jessica;Seddon;mujer;11/02/1997;Sales; $ 5,422 ;2;United States
100452;Barris;Corbally;hombre;11/15/2000;Accounting; $ 3,864 ;1;United States
100453;Roderigo;Killough;hombre;08/09/1984;Services; $ 5,283 ;1;United States
100454;Arri;Westcar;hombre;06/13/1979;Support; $ 5,967 ;1;United States
100455;Sid;Buxam;hombre;08/12/1980;Engineering; $ 3,118 ;1;United States
100456;Harmon;Briars;hombre;08/30/1981;Marketing; $ 4,571 ;0;United States
100457;Grenville;Weaver;hombre;01/20/1996;Engineering; $ 4,148 ;0;United States
100458;Stella;Davisson;mujer;12/28/1997;Engineering; $ 4,666 ;1;United States
100459;Eb;Walisiak;hombre;06/10/1997;Engineering; $ 5,395 ;2;United States
100460;Roberta;Rubinsky;mujer;08/30/1998;Sales; $ 3,107 ;0;United States
100461;Thom;Casterot;hombre;02/01/1992;Engineering; $ 6,496 ;2;United States
100462;Jeffy;Chipp;hombre;08/05/1979;Engineering; $ 5,777 ;1;United States
100463;Andre;Grisewood;hombre;11/17/1975;Support; $ 5,945 ;2;United States
100464;Wash;Desmond;hombre;06/20/1972;Sales; $ 4,084 ;0;United States
100465;Blythe;Serfati;mujer;01/12/1976;Engineering; $ 5,158 ;2;United States
100466;Steve;Goodie;hombre;08/29/1981;Services; $ 4,502 ;1;United States
100467;Terrell;Havick;hombre;11/02/1994;Support; $ 4,833 ;1;United States
100468;Shalom;Guillond;hombre;07/20/1977;Engineering; $ 4,867 ;1;United States
100469;Robina;Brazener;mujer;08/28/1972;Engineering; $ 4,186 ;2;United States
100470;Allyn;Thornewill;hombre;08/11/1980;Engineering; $ 3,344 ;1;United States
100471;Betty;Impson;mujer;09/12/1991;Services; $ 4,374 ;1;United States
100472;Quincy;Meneur;hombre;02/28/1971;Services; $ 5,455 ;1;United States
100473;Natividad;Files;mujer;02/14/1984;Engineering; $ 5,026 ;2;United States
100474;Karyl;McCloud;mujer;07/02/1973;Sales; $ 4,008 ;2;United States
100475;Myron;MacAulay;hombre;06/29/1999;Support; $ 3,031 ;2;United States
100476;Drud;Byer;hombre;06/10/1993;Engineering; $ 5,797 ;2;United States
100477;Natividad;Estevez;mujer;12/12/1976;Support; $ 4,115 ;2;United States
100478;Cinthya;Swalwell;mujer;09/09/1989;Human Resources; $ 4,087 ;1;United States
100479;Nasly;Dowzell;mujer;01/09/1979;Engineering; $ 4,227 ;1;United States
100480;Zerk;Dybald;hombre;12/21/1993;Marketing; $ 3,519 ;2;United States
100481;Maria;Clampe;mujer;01/14/1982;Support; $ 3,478 ;1;United States
100482;Gibb;Seif;hombre;11/20/1998;Support; $ 3,154 ;2;United States
100483;Hazel;Thebeaud;hombre;08/19/1992;Services; $ 5,873 ;2;United States
100484;Andrey;Andover;mujer;11/03/1996;Support; $ 3,629 ;2;United States
100485;Jennilee;Ash;mujer;07/24/1996;Support; $ 3,874 ;1;United States
100486;Koren;Sandys;mujer;07/21/1984;Sales; $ 3,887 ;2;United States
100487;Bell;Worthington;hombre;01/05/1973;Engineering; $ 3,343 ;2;United States
100488;Maxim;Todd;hombre;04/16/1995;Sales; $ 4,334 ;1;United States
100489;Ramsey;Iddiens;hombre;05/20/1974;Engineering; $ 5,988 ;0;United States
100490;Sophia;Housaman;mujer;12/04/1995;Sales; $ 4,129 ;1;United States
100491;Karol;Philippsohn;mujer;04/27/1986;Engineering; $ 5,723 ;0;United States
100492;Shakky;Jealous;mujer;05/18/1971;Engineering; $ 5,879 ;1;United States
100493;Brittni;Brundell;mujer;10/30/1980;Marketing; $ 4,617 ;1;United States
100494;Lorie;Doorly;mujer;02/22/1990;Sales; $ 3,215 ;0;United States
100495;Jarrad;Rosebotham;hombre;06/04/1978;Services; $ 4,051 ;0;United States
100496;Hershel;Martinolli;hombre;06/12/1994;Services; $ 4,287 ;1;United States
100497;Natty;Malatalant;hombre;10/07/2000;Marketing; $ 3,274 ;0;United States
100498;Gaultiero;Bresman;hombre;09/30/1996;Sales; $ 4,326 ;0;United States
100499;Hastie;Gebhardt;hombre;10/16/1990;Engineering; $ 3,318 ;1;United States
100500;Martie;Deveril;mujer;10/31/1991;Marketing; $ 4,897 ;2;United States
100501;Myrah;Gregori;mujer;03/26/1971;Sales; $ 4,259 ;1;United States
100502;Marylynne;Ramsier;mujer;06/03/1982;Engineering; $ 5,228 ;0;United States
100503;Gertrudis;Radish;mujer;04/22/1975;Human Resources; $ 3,398 ;0;United States
100504;Ulick;Arro;hombre;06/23/1995;Accounting; $ 4,816 ;1;United States
100505;Lorenzo;Berkowitz;hombre;05/04/1977;Support; $ 3,972 ;2;United States
100506;Juana;McClifferty;mujer;01/02/1991;Services; $ 5,738 ;0;United States
100507;Wallis;Kernan;hombre;03/12/1979;Sales; $ 5,451 ;0;United States
100508;Fairleigh;Guiett;hombre;02/27/1981;Support; $ 3,176 ;1;United States
100509;Adele;Agastina;mujer;12/09/1990;Engineering; $ 6,957 ;1;United States
100510;Pauly;Simmonds;hombre;12/29/1985;Engineering; $ 4,423 ;2;United States
100511;Percy;Bodycote;hombre;03/30/1979;Support; $ 5,038 ;2;United States
100512;Anders;Domoni;hombre;12/11/1984;Engineering; $ 4,455 ;1;United States
100513;Maximilianus;MacAirt;hombre;08/02/1996;Engineering; $ 5,933 ;2;United States
100514;Itch;Goodfield;hombre;05/28/1986;Support; $ 3,266 ;0;United States
100515;Gaile;Geane;hombre;08/20/1988;Support; $ 4,938 ;0;United States
100516;Cleavland;Bodman;hombre;03/29/1988;Engineering; $ 5,261 ;1;United States
100517;Nealy;Killen;hombre;05/06/1992;Accounting; $ 4,643 ;1;United States
100518;Saxe;Ponte;hombre;03/04/1986;Support; $ 3,366 ;0;United States
100519;Shea;Sutterby;hombre;11/16/1977;Services; $ 5,411 ;2;United States
100520;Donaugh;Warr;hombre;03/06/1976;Engineering; $ 5,112 ;2;United States
100521;Bryon;Dressel;hombre;02/03/1985;Services; $ 3,402 ;1;United States
100522;Martha;Dupree;mujer;03/17/1973;Services; $ 5,591 ;2;United States
100523;Emmott;Scullard;hombre;05/03/1972;Sales; $ 5,152 ;1;United States
100524;Rudie;Gruszczak;hombre;10/27/1985;Human Resources; $ 3,527 ;2;United States
100525;Papageno;Pietrzyk;hombre;05/10/1977;Services; $ 5,746 ;2;United States
100526;Lenci;Begin;hombre;01/13/1986;Engineering; $ 3,613 ;0;United States
100527;Madison;Gilli;hombre;05/15/1990;Services; $ 5,701 ;1;United States
100528;Alexandros;Keri;hombre;04/18/1982;Engineering; $ 5,826 ;1;United States
100529;Gustav;Byles;hombre;02/28/1993;Human Resources; $ 3,391 ;2;United States
100530;Alvie;Lytlle;hombre;09/18/1983;Services; $ 5,796 ;0;United States
100531;Isabella;Havesides;mujer;09/05/1985;Sales; $ 4,029 ;0;United States
100532;Federicca;Binney;mujer;11/10/1976;Engineering; $ 3,361 ;1;United States
100533;Vic;Bedding;hombre;02/29/1996;Engineering; $ 5,727 ;1;United States
100534;Damien;Frantsev;hombre;05/26/1979;Services; $ 5,601 ;2;United States
100535;Hayden;Pinckstone;mujer;10/14/1972;Services; $ 5,747 ;1;United States
100536;Gonzales;Shillom;hombre;09/02/1983;Sales; $ 3,197 ;0;United States
100537;Giffer;Kayes;hombre;11/07/1998;Services; $ 4,328 ;0;United States
100538;Artie;Wenden;hombre;02/27/1992;Services; $ 5,827 ;1;United States
100539;Noreen;Emtage;mujer;10/04/1977;Support; $ 3,652 ;0;United States
100540;Clark;Kingdon;hombre;07/29/1976;Engineering; $ 5,437 ;2;United States
100541;Town;Laneham;hombre;03/04/2000;Engineering; $ 4,502 ;0;United States
100542;Jerrold;Inseal;hombre;07/17/1985;Engineering; $ 4,659 ;2;United States
100543;Nefen;Tregaskis;hombre;08/15/1986;Engineering; $ 4,696 ;0;United States
100544;Lamar;Addams;hombre;05/18/1997;Engineering; $ 5,438 ;0;United States
100545;Meggy;Gillon;mujer;08/05/1990;Accounting; $ 4,978 ;0;United States
100546;Elladine;Battersby;mujer;09/12/1997;Engineering; $ 4,734 ;1;United States
100547;Ashli;Faughey;mujer;06/12/1986;Services; $ 4,064 ;1;United States
100548;Brit;Bagby;hombre;10/16/1989;Accounting; $ 4,375 ;2;United States
100549;Mathian;Lethbrig;hombre;05/13/1982;Services; $ 4,976 ;1;United States
100550;Michale;Munns;hombre;09/10/1979;Sales; $ 5,425 ;0;United States
100551;Smitty;Clibbery;mujer;06/12/1981;Engineering; $ 5,718 ;2;United States
100552;Cassius;Botham;hombre;06/29/1986;Accounting; $ 4,259 ;1;United States
100553;Meggie;Stockport;mujer;03/05/1995;Engineering; $ 3,382 ;1;United States
100554;Elsbeth;Masse;mujer;02/02/1978;Sales; $ 4,254 ;2;United States
100555;Salim;Bonnor;hombre;02/18/1993;Services; $ 5,834 ;0;United States
100556;Peadar;Collier;hombre;08/12/1972;Services; $ 3,383 ;0;United States
100557;Tiena;McGuiness;mujer;04/23/2000;Services; $ 3,041 ;1;United States
100558;Ardra;Leal;mujer;02/01/1971;Engineering; $ 5,408 ;2;United States
100559;Myrah;Spinke;mujer;03/17/1972;Services; $ 3,708 ;1;United States
100560;Artie;Newsham;hombre;12/07/1991;Services; $ 3,978 ;0;United States
100561;Gan;Munt;hombre;01/01/1985;Sales; $ 4,258 ;0;United States
100562;Katty;Janik;mujer;08/27/1999;Engineering; $ 4,712 ;2;United States
100563;Rourke;Melbourn;hombre;07/26/1974;Accounting; $ 4,418 ;2;United States
100564;Lindha;Meale;mujer;03/10/1987;Engineering; $ 5,383 ;0;United States
100565;Westley;Chamberlayne;hombre;09/26/1999;Services; $ 3,192 ;1;United States
100566;Cristin;Panda;mujer;08/17/1982;Support; $ 5,339 ;0;United States
100567;Mord;Castanho;hombre;10/09/1982;Engineering; $ 5,437 ;2;United States
100568;Frederich;Esp;hombre;09/12/1985;Engineering; $ 4,571 ;1;United States
100569;Cinthya;Carlens;mujer;05/20/1989;Accounting; $ 4,081 ;2;United States
100570;Philip;Piche;hombre;02/25/1999;Engineering; $ 4,835 ;1;United States
100571;Marie;Mickelwright;mujer;02/27/1990;Engineering; $ 5,665 ;2;United States
100572;Andreas;Bourhill;hombre;08/15/1974;Accounting; $ 3,976 ;1;United States
100573;Dillie;Allaway;hombre;09/26/1984;Engineering; $ 3,419 ;1;United States
100574;Skipp;O'Caherny;hombre;05/10/1987;Support; $ 4,258 ;1;United States
100575;Emmett;Havers;hombre;04/09/1982;Marketing; $ 4,011 ;0;United States
100576;Bastien;Stillgoe;hombre;12/20/1970;Services; $ 3,408 ;2;United States
100577;Menard;Worthington;hombre;03/08/1989;Engineering; $ 5,524 ;1;United States
100578;Rupert;Goodsal;hombre;08/24/1972;Support; $ 3,035 ;2;United States
100579;Nils;Gorgler;hombre;01/18/1986;Engineering; $ 4,254 ;0;United States
100580;Baillie;Steinson;hombre;07/23/1975;Services; $ 4,511 ;2;United States
100581;Karney;MacNab;hombre;11/06/1973;Marketing; $ 4,237 ;0;United States
100582;Levin;Klesl;hombre;05/24/1975;Engineering; $ 4,462 ;0;United States
100583;Kyle;Tarply;hombre;10/12/1973;Engineering; $ 6,356 ;2;United States
100584;Bastian;Pierrepoint;hombre;12/09/1975;Support; $ 5,464 ;1;United States
100585;Gabriele;Bello;hombre;11/18/1996;Accounting; $ 3,011 ;1;United States
100586;Vinny;Ellershaw;hombre;07/07/1985;Accounting; $ 4,482 ;1;United States
100587;Akim;Bachellier;hombre;06/19/1979;Accounting; $ 3,606 ;2;United States
100588;Gus;Dymott;hombre;10/27/1983;Engineering; $ 5,258 ;2;United States
100589;Kathyuska;Hugenin;mujer;02/18/1974;Sales; $ 4,072 ;1;United States
100590;Gray;Windrus;hombre;11/01/1976;Services; $ 4,672 ;0;United States
100591;Filbert;Nicholl;hombre;05/07/1992;Accounting; $ 5,403 ;1;United States
100592;Miryam;Kilcoyne;mujer;12/26/1987;Support; $ 4,858 ;2;United States
100593;Andrea;Overall;mujer;02/24/1972;Sales; $ 3,522 ;2;United States
100594;Eugenio;Brasse;hombre;09/07/1978;Accounting; $ 3,582 ;0;United States
100595;Winifield;Bernhart;hombre;07/06/1994;Support; $ 3,179 ;0;United States
100596;Pacorro;Rendell;hombre;01/25/1983;Services; $ 4,539 ;1;United States
100597;Tyson;Prestedge;hombre;10/20/1986;Support; $ 3,859 ;2;United States
100598;Sterling;Mellows;hombre;01/08/1988;Engineering; $ 4,688 ;2;United States
100599;Gardner;Chivrall;hombre;08/27/1991;Sales; $ 4,859 ;2;United States
100600;Sylas;Vasey;hombre;09/27/1993;Support; $ 3,189 ;1;United States
100601;Ricard;Peirpoint;hombre;07/01/1994;Support; $ 4,915 ;0;United States
100602;Khalil;Gallemore;hombre;04/18/1994;Engineering; $ 5,433 ;1;United States
100603;Sloane;Sidnell;hombre;01/30/1998;Accounting; $ 5,696 ;1;United States
100604;Torr;Iaduccelli;hombre;03/02/1999;Support; $ 3,002 ;0;United States
100605;Martainn;Brackstone;hombre;12/28/1989;Engineering; $ 4,639 ;1;United States
100606;Freddy;Danielut;hombre;08/06/1986;Engineering; $ 5,755 ;1;United States
100607;Warde;Sudron;hombre;11/15/1995;Engineering; $ 5,435 ;2;United States
100608;Woodie;Markussen;hombre;01/19/1985;Sales; $ 4,857 ;2;United States
100609;Carolus;Sichardt;hombre;10/10/1993;Sales; $ 4,327 ;2;United States
100610;Kamila;Leyninye;mujer;01/16/1999;Support; $ 3,553 ;1;United States
100611;Dom;Sholem;hombre;06/04/1993;Human Resources; $ 3,539 ;1;United States
100612;Shannon;Dict;mujer;02/03/1994;Services; $ 5,872 ;2;United States
100613;Karol;Civitillo;mujer;06/22/1996;Engineering; $ 4,899 ;2;United States
100614;Pincus;Blackaby;hombre;02/04/1998;Engineering; $ 4,967 ;0;United States
100615;Kleon;Bridgement;mujer;01/29/1976;Engineering; $ 3,722 ;0;United States
100616;Georas;Baldini;hombre;11/23/1990;Services; $ 3,837 ;1;United States
100617;Tam;Golley;hombre;11/18/1996;Sales; $ 3,284 ;1;United States
100618;Phaedra;Burchatt;mujer;03/03/1998;Engineering; $ 5,679 ;2;United States
100619;Sarette;Heasley;mujer;05/27/1976;Support; $ 3,638 ;0;United States
100620;Aggy;Nanson;mujer;02/19/1979;Engineering; $ 5,935 ;2;United States
100621;Hammad;Reuben;hombre;06/13/1987;Engineering; $ 5,065 ;0;United States
100622;Neila;Eastmead;mujer;07/04/1984;Human Resources; $ 3,492 ;0;United States
100623;Brynna;Stranger;mujer;06/19/1980;Support; $ 5,385 ;1;United States
100624;Garner;Joselson;hombre;09/26/1971;Engineering; $ 5,134 ;1;United States
100625;Keene;Orsi;hombre;04/29/1974;Services; $ 4,635 ;2;United States
100626;Karlha;Twyford;mujer;03/30/1997;Services; $ 4,525 ;0;United States
100627;Neddie;Laskey;hombre;02/08/1999;Services; $ 4,293 ;1;United States
100628;Dollie;Decreuze;mujer;06/27/1990;Sales; $ 4,842 ;1;United States
100629;Amber;Crewes;mujer;01/06/1979;Sales; $ 4,586 ;0;United States
100630;Jeffrey;Burl;hombre;03/21/1989;Services; $ 5,166 ;0;United States
100631;Philbert;Wrathmell;hombre;06/22/1989;Sales; $ 3,622 ;0;United States
100632;Kermit;McCaffery;hombre;07/19/1996;Accounting; $ 3,206 ;2;United States
100633;Daniela;Vergine;mujer;01/10/1999;Marketing; $ 4,532 ;0;United States
100634;Jae;Neesam;hombre;11/01/1999;Engineering; $ 5,532 ;2;United States
100635;Thomas;Rannald;hombre;12/08/1987;Support; $ 5,939 ;1;United States
100636;Brose;Blaydes;hombre;05/17/1985;Services; $ 5,272 ;1;United States
100637;Poul;Bentame;hombre;04/29/1988;Accounting; $ 3,725 ;0;United States
100638;Bertie;Milne;hombre;11/15/1990;Engineering; $ 4,218 ;0;United States
100639;Job;MacIver;hombre;11/15/1985;Services; $ 5,809 ;0;United States
100640;Isabelle;Spadari;mujer;08/03/1989;Support; $ 5,158 ;1;United States
100641;Fairlie;Radoux;hombre;04/07/1988;Services; $ 4,212 ;1;United States
100642;Elizabeth;Hargerie;mujer;07/13/1979;Engineering; $ 6,804 ;1;United States
100643;Matthiew;Hirschmann;hombre;04/11/1990;Support; $ 4,849 ;2;United States
100644;Lizeth;Dowdeswell;mujer;10/11/1990;Engineering; $ 5,401 ;1;United States
100645;Marthina;Dargue;mujer;06/11/1971;Human Resources; $ 4,194 ;1;United States
100646;Miryam;Lindmark;mujer;04/21/1995;Support; $ 4,012 ;1;United States
100647;Roberta;Gane;mujer;05/05/1985;Engineering; $ 5,693 ;2;United States
100648;Kendre;Tytcomb;mujer;06/06/1971;Engineering; $ 5,672 ;1;United States
100649;Briana;Scullion;mujer;06/29/1976;Marketing; $ 3,459 ;0;United States
100650;Forester;Awcock;hombre;07/05/1978;Engineering; $ 3,956 ;2;United States
100651;Royce;Humby;hombre;08/19/1982;Human Resources; $ 3,362 ;1;United States
100652;Cass;Hartfield;hombre;05/02/1988;Engineering; $ 4,953 ;1;United States
100653;Brandyn;Gilhool;hombre;08/17/1974;Engineering; $ 4,779 ;2;United States
100654;Win;Bidewel;hombre;08/03/1990;Marketing; $ 3,284 ;2;United States
100655;Yorke;Leyre;hombre;11/10/1994;Accounting; $ 3,272 ;1;United States
100656;Auroora;Acott;mujer;12/07/2000;Engineering; $ 5,589 ;2;United States
100657;Torry;Larvin;hombre;12/07/1995;Engineering; $ 4,268 ;0;United States
100658;Dougy;Eastbrook;hombre;02/12/1987;Engineering; $ 3,418 ;1;United States
100659;Law;Thatcham;hombre;10/16/1976;Support; $ 3,003 ;0;United States
100660;Bartolemo;Pritchard;mujer;11/28/2000;Engineering; $ 5,014 ;2;United States
100661;Craggy;Hanne;hombre;11/14/1971;Support; $ 3,117 ;0;United States
100662;Ruperto;Latter;hombre;01/28/1971;Services; $ 5,783 ;1;United States
100663;Abdul;Beahan;hombre;06/08/1982;Engineering; $ 5,149 ;2;United States
100664;Cello;Cheeke;hombre;04/23/1972;Support; $ 5,175 ;0;United States
100665;Kristoforo;Heddy;hombre;12/30/1987;Support; $ 3,838 ;2;United States
100666;Gayle;Dabling;hombre;04/18/1992;Support; $ 4,687 ;2;United States
100667;Hubert;Elgar;hombre;11/26/1986;Services; $ 4,092 ;1;United States
100668;Alexis;Jansky;hombre;10/16/1971;Engineering; $ 4,554 ;0;United States
100669;Ingamar;Peckham;hombre;08/31/1988;Engineering; $ 5,558 ;1;United States
100670;Phineas;Sowthcote;hombre;04/21/1978;Services; $ 5,892 ;2;United States
100671;Otto;Jirousek;hombre;03/18/1994;Services; $ 4,508 ;2;United States
100672;Zechariah;Lange;hombre;07/14/1975;Services; $ 5,371 ;1;United States
100673;Ted;Hexum;hombre;12/22/1977;Accounting; $ 5,012 ;2;United States
100674;Judas;Chessum;hombre;04/29/1994;Accounting; $ 3,131 ;1;United States
100675;Dacey;Skipp;mujer;05/19/1979;Support; $ 3,472 ;2;United States
100676;Rosanna;Beadles;mujer;09/23/1982;Services; $ 5,646 ;0;United States
100677;Alistair;Cubbin;hombre;10/12/1978;Support; $ 3,745 ;2;United States
100678;Joceline;Dormand;mujer;04/16/1983;Sales; $ 3,753 ;1;United States
100679;Orion;MacBean;hombre;12/26/1992;Sales; $ 4,529 ;1;United States
100680;Gunter;Longmire;hombre;08/08/1983;Engineering; $ 4,917 ;2;United States
100681;Emmerich;Mell;hombre;01/17/1972;Support; $ 4,858 ;0;United States
100682;Denise;Laxtonne;mujer;06/12/1983;Sales; $ 3,669 ;0;United States
100683;Sanderson;Eyre;hombre;04/05/1981;Engineering; $ 5,423 ;0;United States
100684;Alasdair;Starmore;hombre;05/21/1976;Support; $ 5,607 ;0;United States
100685;Colin;Hadye;hombre;12/04/1980;Support; $ 4,673 ;1;United States
100686;Newton;Puddicombe;hombre;01/14/1995;Engineering; $ 4,836 ;1;United States
100687;Rozella;Murcott;mujer;04/27/1995;Engineering; $ 5,753 ;0;United States
100688;Paddie;Aimeric;hombre;12/23/1971;Engineering; $ 3,991 ;0;United States
100689;Alic;Wilshere;hombre;05/03/1980;Services; $ 3,423 ;1;United States
100690;Kippie;Mandal;hombre;12/11/1989;Services; $ 5,553 ;2;United States
100691;Win;Tindley;hombre;11/15/1989;Engineering; $ 3,827 ;2;United States
100692;Lutero;Amburgy;hombre;09/10/1998;Engineering; $ 5,914 ;0;United States
100693;Lorena;Bertin;mujer;12/28/1975;Services; $ 5,986 ;1;United States
100694;Mabel;Hearn;mujer;09/10/1986;Engineering; $ 5,443 ;0;United States
100695;Kenton;Murrum;hombre;02/06/1988;Support; $ 3,697 ;0;United States
100696;Brice;Sprake;hombre;02/25/1972;Services; $ 4,089 ;1;United States
100697;Cinthya;Collick;mujer;02/08/1979;Support; $ 3,885 ;1;United States
100698;Leslie;Struttman;mujer;08/12/1994;Services; $ 5,277 ;1;United States
100699;Aymer;Cicero;hombre;02/22/1977;Support; $ 5,919 ;2;United States
100700;Nashly;Lemonby;mujer;06/13/1973;Services; $ 5,063 ;2;United States
100701;Katleen;Kitchingman;mujer;08/01/1978;Engineering; $ 5,281 ;1;United States
100702;Kathe;Iacovone;mujer;07/23/1983;Support; $ 5,538 ;2;United States
100703;Desmund;Eble;hombre;06/01/1974;Support; $ 4,477 ;1;United States
100704;Shaughn;Atchly;hombre;10/14/1987;Support; $ 4,297 ;0;United States
100705;Linda;Whitford;mujer;03/29/1972;Engineering; $ 5,553 ;2;United States
100706;Robertt;Chanson;hombre;09/16/1994;Services; $ 6,824 ;0;United States
100707;Estelle;Riddock;mujer;02/13/1972;Human Resources; $ 3,604 ;2;United States
100708;Terrance;Petruszka;hombre;07/19/1974;Support; $ 5,889 ;0;United States
100709;Sonia;Corn;mujer;05/18/1980;Engineering; $ 4,254 ;2;United States
100710;Falito;Surmeyer;hombre;04/30/1991;Services; $ 3,937 ;1;United States
100711;Benedict;Forder;hombre;08/24/1989;Engineering; $ 5,009 ;1;United States
100712;Konstantin;Tynan;hombre;11/27/1982;Services; $ 5,612 ;1;United States
100713;Symon;Kettridge;hombre;04/25/1978;Engineering; $ 4,376 ;0;United States
100714;Adele;Maydway;mujer;02/18/1985;Engineering; $ 5,994 ;0;United States
100715;Theo;Cosans;hombre;07/09/1985;Engineering; $ 4,695 ;1;United States
100716;Durand;Wilcher;hombre;11/17/1984;Services; $ 3,313 ;2;United States
100717;Donnie;Grabb;hombre;04/15/1997;Engineering; $ 4,105 ;0;United States
100718;Michael;de Zamora;hombre;09/25/1972;Human Resources; $ 3,634 ;0;United States
100719;Humberto;Rowling;hombre;01/17/1989;Engineering; $ 4,928 ;2;United States
100720;Mariella;Leve;mujer;04/19/1990;Support; $ 5,936 ;1;United States
100721;Zoila;Sarch;mujer;12/15/1992;Engineering; $ 4,373 ;2;United States
100722;Sandra;Steedman;mujer;08/04/1994;Engineering; $ 4,783 ;2;United States
100723;Ezequiel;Boards;hombre;03/14/1976;Services; $ 4,774 ;2;United States
100724;Benjamen;Habercham;hombre;05/30/1979;Engineering; $ 4,552 ;1;United States
100725;Feodor;Larne;hombre;04/09/1996;Support; $ 3,282 ;1;United States
100726;Sly;Sinisbury;hombre;02/12/1993;Accounting; $ 3,815 ;1;United States
100727;Nataly;Turrill;mujer;10/01/1988;Engineering; $ 5,096 ;0;United States
100728;Hayward;Huygen;hombre;06/22/1992;Services; $ 3,405 ;0;United States
100729;Maria;Birtley;mujer;09/26/1978;Sales; $ 3,654 ;2;United States
100730;Kellia;Benasik;mujer;11/12/1987;Accounting; $ 3,885 ;1;United States
100731;Annadiane;Maddox;mujer;10/28/1983;Marketing; $ 3,375 ;0;United States
100732;Nance;Hallgarth;mujer;07/10/1987;Sales; $ 4,219 ;2;United States
100733;Vick;Antonucci;hombre;03/29/1988;Engineering; $ 4,116 ;0;United States
100734;Grenville;Jacklings;hombre;01/07/1973;Sales; $ 4,631 ;2;United States
100735;Eddie;Ragdale;hombre;03/17/1978;Support; $ 3,282 ;1;United States
100736;Hilly;Reagan;hombre;05/18/1995;Support; $ 4,156 ;0;United States
100737;Laura;Cobbe;mujer;04/14/1992;Services; $ 5,459 ;1;United States
100738;Curran;Haimes;hombre;10/16/1989;Services; $ 4,568 ;2;United States
100739;Ab;Carlin;hombre;04/21/1995;Engineering; $ 5,744 ;2;United States
100740;Randi;Walkden;hombre;03/14/1987;Support; $ 4,624 ;1;United States
100741;Luke;Paunton;hombre;12/21/1990;Support; $ 5,308 ;0;United States
100742;Gloria;Deniskevich;mujer;07/29/1979;Engineering; $ 3,434 ;1;United States
100743;Kelly;Tatlow;mujer;07/07/1983;Engineering; $ 4,755 ;1;United States
100744;Stephen;Petre;hombre;02/16/1997;Engineering; $ 4,934 ;2;United States
100745;Daniella;Bompass;mujer;07/21/1995;Engineering; $ 5,933 ;1;United States
100746;Karla;Shere;mujer;11/10/1995;Engineering; $ 4,065 ;2;United States
100747;Ole;Ferreli;hombre;09/30/1990;Engineering; $ 4,573 ;0;United States
100748;Jessee;Gaunt;hombre;04/04/1971;Sales; $ 3,008 ;2;United States
100749;Franciskus;Ortiger;hombre;01/10/1985;Support; $ 4,105 ;0;United States
100750;Faulkner;Gorler;hombre;08/08/1988;Accounting; $ 4,893 ;1;United States
100751;Jaye;Tumbridge;hombre;01/11/1976;Engineering; $ 5,464 ;2;United States
100752;Paula;Trowell;mujer;06/24/1984;Support; $ 5,421 ;2;United States
100753;Vin;Dillinton;hombre;06/22/1998;Engineering; $ 5,652 ;1;United States
100754;Hussein;Garfit;hombre;10/21/1989;Engineering; $ 5,915 ;0;United States
100755;Sansone;Gibbins;hombre;02/03/1977;Services; $ 3,114 ;0;United States
100756;Ewen;Hildrew;hombre;03/20/1987;Support; $ 3,395 ;0;United States
100757;Paola;Atkin;mujer;02/07/1992;Support; $ 3,723 ;0;United States
100758;Ximenes;Kopps;hombre;12/28/2000;Support; $ 5,767 ;1;United States
100759;Bald;Dunne;hombre;09/07/1991;Services; $ 3,662 ;1;United States
100760;Gasparo;Hudson;hombre;06/22/1991;Sales; $ 3,406 ;1;United States
100761;Ephrayim;Oneal;hombre;08/18/1991;Services; $ 4,228 ;0;United States
100762;Nicolle;Fairy;mujer;04/16/1993;Accounting; $ 4,144 ;0;United States
100763;Brion;Coorington;hombre;08/28/1974;Engineering; $ 4,273 ;1;United States
100764;Michelle;Mudle;mujer;07/13/1975;Services; $ 4,246 ;1;United States
100765;Bertram;Frape;hombre;10/14/1988;Accounting; $ 3,269 ;2;United States
100766;Elisha;Rushworth;hombre;02/15/1987;Sales; $ 3,173 ;1;United States
100767;Findlay;Domanski;hombre;06/17/1989;Services; $ 5,649 ;0;United States
100768;Madalena;Wenman;mujer;11/08/1995;Accounting; $ 5,889 ;1;United States
100769;Maxwell;Sanders;hombre;05/08/1973;Sales; $ 4,266 ;2;United States
100770;Jerrie;Gordon;hombre;01/30/1971;Services; $ 6,294 ;1;United States
100771;Ginna;Kiebes;mujer;01/14/1983;Support; $ 3,723 ;2;United States
100772;Killy;Buddleigh;hombre;09/11/1992;Services; $ 3,655 ;0;United States
100773;Hershel;Vasyaev;hombre;08/13/1981;Accounting; $ 3,163 ;0;United States
100774;Albert;Guthrum;hombre;12/20/1997;Engineering; $ 3,454 ;1;United States
100775;Mareleen;Grunguer;mujer;04/05/1976;Engineering; $ 5,723 ;1;United States
100776;Tina;Felce;mujer;11/11/1989;Engineering; $ 5,444 ;0;United States
100777;Mel;Pincked;hombre;04/01/1997;Support; $ 5,621 ;2;United States
100778;Carlo;Schoenrock;hombre;11/27/1989;Engineering; $ 4,671 ;2;United States
100779;Randal;Andrichak;hombre;10/20/1982;Engineering; $ 4,728 ;1;United States
100780;Delmor;Vignal;hombre;06/04/1984;Services; $ 4,935 ;2;United States
100781;Skipton;Pavlasek;hombre;04/29/1987;Support; $ 3,253 ;1;United States
100782;Brantley;Vardon;hombre;02/09/1972;Services; $ 5,412 ;0;United States
100783;Vale;Cranage;mujer;01/03/1989;Sales; $ 3,457 ;1;United States
100784;Gaile;Danigel;hombre;03/21/1988;Engineering; $ 3,099 ;2;United States
100785;Laurens;Gianotti;hombre;08/12/1994;Services; $ 3,613 ;1;United States
100786;Merwin;Featenby;hombre;05/07/1995;Support; $ 3,278 ;1;United States
100787;Val;Dobbing;hombre;06/09/1987;Services; $ 4,931 ;0;United States
100788;Michele;Wright;hombre;05/12/1990;Services; $ 5,275 ;0;United States
100789;Jacques;Malster;hombre;08/31/1973;Engineering; $ 4,392 ;2;United States
100790;Thorvald;Kristiansen;hombre;02/14/1971;Engineering; $ 4,495 ;2;United States
100791;Wake;Portingale;hombre;06/24/1994;Sales; $ 3,629 ;1;United States
100792;Max;L'Amie;hombre;02/07/1988;Engineering; $ 4,534 ;0;United States
100793;Mary;Ison;mujer;01/25/1971;Sales; $ 4,534 ;1;United States
100794;Nury;McKeady;mujer;08/27/1990;Support; $ 3,723 ;2;United States
100795;Aydha;Fairclough;mujer;09/23/1996;Support; $ 3,199 ;1;United States
100796;Abbott;Arbon;hombre;10/11/1983;Marketing; $ 3,833 ;2;United States
100797;Mickey;Le Borgne;hombre;03/11/1986;Support; $ 3,746 ;1;United States
100798;Pavlov;Edwins;hombre;09/13/1994;Engineering; $ 4,996 ;1;United States
100799;Gayelord;Pingstone;hombre;10/24/2000;Engineering; $ 6,721 ;0;United States
100800;Montague;Krienke;hombre;08/30/1982;Accounting; $ 3,302 ;1;United States
100801;Lind;McCarrell;hombre;09/21/1997;Services; $ 3,115 ;1;United States
100802;Jakie;Loft;hombre;02/14/1993;Sales; $ 3,182 ;1;United States
100803;Kaiser;Chesley;hombre;09/09/1983;Engineering; $ 6,079 ;0;United States
100804;Berti;Scourfield;hombre;07/29/1982;Sales; $ 5,303 ;0;United States
100805;Gayelord;Savage;hombre;09/07/1994;Services; $ 4,129 ;0;United States
100806;Brewer;Hamlett;hombre;11/02/1976;Engineering; $ 4,372 ;1;United States
100807;Zebadiah;Castanaga;hombre;03/06/1978;Engineering; $ 3,374 ;0;United States
100808;Kinnie;Ferneyhough;hombre;08/08/1989;Sales; $ 5,133 ;2;United States
100809;Wolf;Dore;hombre;10/09/1990;Support; $ 4,957 ;1;United States
100810;Berk;Sproat;hombre;09/20/1988;Services; $ 5,497 ;1;United States
100811;Lyn;Bandy;hombre;01/10/1973;Sales; $ 3,615 ;2;United States
100812;Reinald;Songist;hombre;10/20/1992;Sales; $ 4,415 ;1;United States
100813;Lew;Westwell;hombre;12/24/1986;Engineering; $ 5,143 ;0;United States
100814;Hammad;Wrotchford;hombre;02/04/1972;Sales; $ 3,068 ;1;United States
100815;Carolinne;Melliard;mujer;02/11/1997;Engineering; $ 5,154 ;0;United States
100816;Erek;Arons;hombre;12/29/1987;Engineering; $ 5,019 ;0;United States
100817;Gualterio;Upshall;hombre;10/30/1996;Engineering; $ 3,283 ;0;United States
100818;Doy;Ismead;hombre;10/31/1985;Engineering; $ 3,123 ;2;United States
100819;Lanny;Mitcheson;hombre;09/02/1995;Engineering; $ 4,874 ;2;United States
100820;Emma;DeStoop;mujer;09/10/1970;Services; $ 5,592 ;1;United States
100821;Oswald;Whapple;hombre;04/24/1988;Engineering; $ 5,983 ;0;United States
100822;Rubby;Franek;mujer;11/19/1972;Support; $ 4,969 ;1;United States
100823;Keefe;Brody;hombre;06/22/1980;Services; $ 3,712 ;0;United States
100824;Hazlett;Terrans;hombre;11/26/1998;Human Resources; $ 3,179 ;2;United States
100825;Celeste;Rous;mujer;03/06/1984;Engineering; $ 3,805 ;0;United States
100826;Emma;Ferraro;mujer;09/30/1970;Support; $ 5,992 ;0;United States
100827;Daniella;Brundrett;mujer;04/26/1986;Accounting; $ 3,393 ;0;United States
100828;Bill;Dufour;hombre;10/05/1985;Engineering; $ 4,587 ;2;United States
100829;Karla;Coggeshall;mujer;04/21/1988;Sales; $ 3,988 ;2;United States
100830;Katherine;Rubinek;mujer;04/30/1987;Support; $ 5,274 ;2;United States
100831;Isabell;Cutajar;mujer;05/04/1995;Engineering; $ 5,761 ;2;United States
100832;Nath;Couvert;mujer;04/22/1971;Engineering; $ 4,722 ;2;United States
100833;Augustine;Jaggli;hombre;07/15/1990;Support; $ 3,723 ;0;United States
100834;Aristotle;Tonbye;hombre;01/26/1988;Engineering; $ 5,881 ;2;United States
100835;Ximena;Peplay;mujer;08/02/1998;Marketing; $ 4,477 ;0;United States
100836;Cirilo;Strathdee;hombre;09/05/1999;Sales; $ 3,914 ;0;United States
100837;Baxie;Eilhermann;hombre;08/31/1975;Engineering; $ 4,193 ;1;United States
100838;Zoila;Kliesl;mujer;12/20/1989;Services; $ 4,194 ;0;United States
100839;Sonia;Wickrath;mujer;04/02/1993;Marketing; $ 4,453 ;1;United States
100840;Stella;Rodgerson;mujer;06/16/1990;Sales; $ 4,909 ;0;United States
100841;Sandra;Poller;mujer;04/10/1992;Engineering; $ 5,643 ;2;United States
100842;Meier;Haisell;hombre;03/29/1989;Human Resources; $ 3,688 ;2;United States
100843;Cass;Jestico;hombre;01/18/1980;Sales; $ 3,408 ;0;United States
100844;Adiella;Chappelle;mujer;12/24/1998;Services; $ 3,629 ;1;United States
100845;Gerik;Schanke;hombre;02/04/1976;Accounting; $ 5,369 ;2;United States
100846;Roy;MacCumeskey;hombre;08/02/1998;Engineering; $ 5,713 ;0;United States
100847;Mozes;Masselin;hombre;12/07/1993;Engineering; $ 5,765 ;0;United States
100848;Reinaldos;Cawker;hombre;04/17/1989;Services; $ 4,906 ;1;United States
100849;Richard;Lohoar;hombre;02/11/1975;Engineering; $ 3,574 ;1;United States
100850;Adele;Syfax;mujer;11/21/1972;Engineering; $ 3,595 ;1;United States
100851;Reed;Rosier;hombre;12/05/1982;Engineering; $ 5,743 ;0;United States
100852;Hersch;Venditto;hombre;03/21/1997;Services; $ 4,374 ;2;United States
100853;Nikka;Ebourne;mujer;10/18/1996;Engineering; $ 5,882 ;1;United States
100854;Leo;Muzzi;hombre;03/29/1996;Support; $ 3,723 ;1;United States
100855;Renatta;Bagby;mujer;07/13/1974;Support; $ 5,527 ;1;United States
100856;Leonhard;Goghin;hombre;01/06/1982;Sales; $ 5,341 ;2;United States
100857;Peirce;Curnucke;hombre;09/27/1988;Services; $ 3,341 ;0;United States
100858;Martinna;Welfair;mujer;04/29/1982;Support; $ 3,775 ;0;United States
100859;Mannie;Domek;mujer;06/13/1971;Engineering; $ 5,573 ;0;United States
100860;Johannah;Tunniclisse;mujer;01/12/1984;Marketing; $ 4,374 ;2;United States
100861;Gates;O' Driscoll;mujer;10/12/1989;Services; $ 4,948 ;2;United States
100862;Caresa;Dissman;mujer;06/25/1992;Engineering; $ 3,083 ;2;United States
100863;Linda;Gillam;mujer;10/10/1985;Engineering; $ 4,645 ;1;United States
100864;Marjy;Petracco;hombre;03/20/1984;Services; $ 3,604 ;0;United States
100865;Sibylla;Linch;mujer;09/25/1977;Engineering; $ 4,603 ;1;United States
100866;Leona;Stern;mujer;06/21/1975;Sales; $ 5,387 ;1;United States
100867;Bonny;Bradshaw;mujer;05/04/1991;Engineering; $ 5,672 ;0;United States
100868;Flin;Pritchard;hombre;06/09/1992;Services; $ 4,824 ;0;United States
100869;Thorvald;Godbert;hombre;04/20/1980;Engineering; $ 5,635 ;1;United States
100870;Douglass;Covill;hombre;11/21/1982;Engineering; $ 5,083 ;0;United States
100871;Peta;McKague;mujer;07/08/1986;Services; $ 4,028 ;0;United States
100872;Lacie;Ribou;mujer;08/17/1974;Services; $ 3,479 ;2;United States
100873;Jacynth;Schruur;mujer;05/28/1980;Engineering; $ 4,038 ;1;United States
100874;Patten;Fluit;hombre;04/20/1973;Human Resources; $ 3,121 ;1;United States
100875;Dillon;Healey;hombre;07/02/1999;Engineering; $ 5,043 ;2;United States
100876;Fee;Ivashintsov;hombre;06/12/1994;Marketing; $ 3,385 ;2;United States
100877;Jeth;Lacaze;hombre;12/25/1971;Sales; $ 4,944 ;1;United States
100878;Filberte;Dennick;hombre;12/03/1996;Sales; $ 3,845 ;1;United States
100879;Abbott;Maris;hombre;09/01/1999;Services; $ 4,748 ;0;United States
100880;Jerad;Limpkin;hombre;12/06/1970;Engineering; $ 5,512 ;1;United States
100881;Lulita;Witchard;mujer;10/09/1994;Sales; $ 5,004 ;2;United States
100882;Beverly;Parr;mujer;02/06/1980;Sales; $ 3,428 ;1;United States
100883;Mersey;Davage;mujer;01/09/1986;Services; $ 5,282 ;1;United States
100884;Loree;Marusic;mujer;04/15/1979;Support; $ 3,184 ;2;United States
100885;Corene;Fedorski;mujer;06/12/1997;Engineering; $ 5,816 ;0;United States
100886;Abel;Higgonet;hombre;06/26/1971;Services; $ 5,463 ;1;United States
100887;Bruno;Waumsley;hombre;01/30/1973;Engineering; $ 4,089 ;1;United States
100888;Maria;Potkins;mujer;06/30/2000;Engineering; $ 3,685 ;2;United States
100889;Byran;Dine-Hart;hombre;07/08/1973;Support; $ 4,082 ;2;United States
100890;Abner;Vallender;mujer;10/08/1982;Services; $ 4,005 ;2;United States
100891;Vivia;Castagnet;mujer;05/06/1989;Support; $ 3,723 ;2;United States
100892;Philippa;MacCrosson;hombre;02/26/1978;Engineering; $ 5,836 ;1;United States
100893;Anthony;Irce;hombre;11/12/1993;Engineering; $ 4,992 ;1;United States
100894;Jereme;Carmel;hombre;08/28/1971;Services; $ 3,475 ;0;United States
100895;Josellin;Ind;mujer;10/13/1973;Services; $ 4,106 ;2;United States
100896;Igor;Bradneck;hombre;10/26/1994;Engineering; $ 4,051 ;0;United States
100897;Ariana;Berston;mujer;01/16/2000;Engineering; $ 5,764 ;0;United States
100898;Arnaldo;Blincow;hombre;05/05/1981;Accounting; $ 3,861 ;2;United States
100899;Giovanni;Quarry;hombre;07/12/1973;Engineering; $ 5,511 ;2;United States
100900;Saul;Rickson;hombre;03/09/1985;Engineering; $ 4,196 ;2;United States
100901;Onfre;Ballchin;hombre;01/23/1986;Engineering; $ 5,814 ;1;United States
100902;Claudell;Iacobo;hombre;07/10/1989;Services; $ 5,355 ;1;United States
100903;Tobe;Hertwell;hombre;04/20/1983;Support; $ 5,485 ;0;United States
100904;Sebastiano;Showering;hombre;07/20/1998;Support; $ 3,833 ;1;United States
100905;Killian;Duncanson;hombre;12/18/1997;Support; $ 3,442 ;2;United States
100906;Kelly;Crosetti;mujer;10/11/1993;Sales; $ 4,164 ;1;United States
100907;Wilbur;Hazelden;hombre;08/28/1996;Sales; $ 5,446 ;2;United States
100908;Parker;Cureton;hombre;01/04/1988;Human Resources; $ 4,385 ;2;United States
100909;Shayna;Corneliussen;mujer;11/20/1981;Marketing; $ 3,285 ;0;United States
100910;Blythe;Carbin;mujer;12/17/1991;Sales; $ 4,004 ;1;United States
100911;Saunders;Bastistini;hombre;04/29/1976;Sales; $ 5,352 ;2;United States
100912;Oksana;Ebben;mujer;11/05/1998;Engineering; $ 5,371 ;0;United States
100913;Nickey;Badman;hombre;11/14/1982;Human Resources; $ 3,316 ;2;United States
100914;Ernesto;Drewery;hombre;01/19/1991;Support; $ 5,735 ;1;United States
100915;Kermy;Denk;hombre;05/11/1997;Engineering; $ 5,292 ;2;United States
100916;Angy;Clother;mujer;06/03/1987;Engineering; $ 3,453 ;1;United States
100917;Mavis;Keele;mujer;06/09/1989;Engineering; $ 5,907 ;1;United States
100918;Laurens;Ritchley;hombre;07/12/1972;Engineering; $ 4,122 ;2;United States
100919;Taylor;Aston;hombre;09/29/1978;Services; $ 4,629 ;0;United States
100920;Angie;Giller;mujer;08/04/1982;Engineering; $ 3,679 ;1;United States
100921;Halimeda;Castellani;mujer;01/05/1988;Services; $ 3,262 ;1;United States
100922;Correy;Ditt;mujer;10/26/1989;Human Resources; $ 3,681 ;0;United States
100923;Krisha;Labuschagne;hombre;06/30/1991;Support; $ 5,685 ;1;United States
100924;Batholomew;Caser;hombre;09/04/1997;Support; $ 4,293 ;2;United States
100925;Niels;Schlagman;hombre;09/30/1980;Services; $ 5,475 ;0;United States
100926;Kellen;Reignard;hombre;12/20/1996;Engineering; $ 4,555 ;1;United States
100927;Worthington;Robshaw;hombre;01/11/1981;Engineering; $ 5,429 ;2;United States
100928;Mal;Spreckley;hombre;03/23/1990;Engineering; $ 5,883 ;2;United States
100929;Redd;Amesbury;hombre;02/17/1987;Support; $ 3,329 ;1;United States
100930;Somerset;Tordiffe;hombre;08/09/1984;Engineering; $ 4,174 ;0;United States
100931;Eldin;Walasik;hombre;09/21/1980;Engineering; $ 3,954 ;1;United States
100932;Carly;Lapthorne;hombre;07/27/1984;Accounting; $ 3,351 ;0;United States
100933;Dallis;Fetteplace;hombre;12/24/1971;Sales; $ 4,217 ;2;United States
100934;Skipper;Grissett;hombre;01/09/1984;Engineering; $ 4,921 ;0;United States
100935;Nev;Kyne;hombre;06/09/1988;Support; $ 4,525 ;1;United States
100936;Mathe;Giacobillo;hombre;09/06/1989;Engineering; $ 5,597 ;1;United States
100937;Kaspar;Doyland;hombre;10/04/1971;Engineering; $ 5,773 ;2;United States
100938;Cosmo;Muttock;hombre;01/26/1999;Support; $ 4,682 ;1;United States
100939;Allisson;Saller;mujer;03/23/1996;Services; $ 5,466 ;0;United States
100940;Berty;Nutkin;hombre;08/11/1985;Services; $ 5,144 ;2;United States
100941;Eduardo;Gammon;hombre;03/22/1986;Engineering; $ 4,658 ;2;United States
100942;Dominique;Stent;hombre;10/21/1989;Engineering; $ 5,528 ;1;United States
100943;Nicolle;Noriega;mujer;10/03/1972;Services; $ 4,521 ;1;United States
100944;Rici;Derbyshire;mujer;10/28/1970;Support; $ 3,723 ;0;United States
100945;Clayton;McGirr;hombre;11/15/1980;Engineering; $ 5,645 ;2;United States
100946;Emmott;Burhill;hombre;05/12/1987;Services; $ 5,033 ;0;United States
100947;Corbie;Mitro;hombre;01/22/1990;Support; $ 4,383 ;1;United States
100948;Clayborn;Wordsley;hombre;11/17/1991;Human Resources; $ 3,965 ;0;United States
100949;Reinold;Sowerby;hombre;03/06/1987;Human Resources; $ 4,196 ;0;United States
100950;Sully;Yakebovich;hombre;08/26/1990;Engineering; $ 5,683 ;0;United States
100951;Nathy;Bier;mujer;09/30/1994;Support; $ 5,129 ;2;United States
100952;Win;Reichartz;hombre;03/10/1998;Engineering; $ 5,212 ;0;United States
100953;Sheff;Sline;hombre;04/15/1986;Services; $ 3,805 ;2;United States
100954;Maximilien;McElrath;hombre;06/23/1988;Marketing; $ 3,273 ;1;United States
100955;Roxine;De Nisco;mujer;04/13/1981;Engineering; $ 4,021 ;1;United States
100956;Merilyn;Monksfield;mujer;12/13/1985;Support; $ 4,243 ;0;United States
100957;Johannes;Domnick;hombre;11/18/1979;Engineering; $ 5,436 ;0;United States
100958;Wanda;Prentice;mujer;01/16/2000;Support; $ 4,511 ;2;United States
100959;Algernon;Surgood;hombre;12/25/1989;Support; $ 4,689 ;0;United States
100960;Tripp;Rubinshtein;hombre;07/23/1983;Support; $ 3,493 ;0;United States
100961;Gregorya;Orrett;mujer;05/27/1993;Support; $ 5,167 ;1;United States
100962;Mano;Groundwater;hombre;12/09/1978;Services; $ 5,472 ;2;United States
100963;Roosevelt;Fucher;hombre;11/21/1981;Marketing; $ 4,815 ;1;United States
100964;Wallache;Luckes;hombre;09/20/1971;Support; $ 3,007 ;0;United States
100965;Ulberto;Aspinwall;hombre;03/31/1982;Engineering; $ 4,924 ;0;United States
100966;Leighton;Sinton;hombre;10/10/1981;Support; $ 3,723 ;1;United States
100967;Kilian;Glyne;hombre;06/02/1977;Support; $ 5,792 ;2;United States
100968;Frederico;Perrelli;hombre;04/04/1978;Services; $ 5,032 ;2;United States
100969;Haroun;Cruess;hombre;06/29/1991;Engineering; $ 5,965 ;2;United States
100970;Mireielle;Isakowicz;mujer;12/11/1993;Support; $ 3,108 ;0;United States
100971;Alyda;Cater;mujer;01/29/1999;Engineering; $ 5,802 ;2;United States
100972;Aylmer;Lerway;hombre;03/31/1976;Accounting; $ 3,315 ;1;United States
100973;Hussein;Grigoli;hombre;09/15/1981;Services; $ 4,314 ;0;United States
100974;Barrie;Caulket;hombre;01/29/1986;Support; $ 4,734 ;0;United States
100975;Alexandro;Dougal;hombre;07/01/1974;Services; $ 3,442 ;2;United States
100976;Kalil;Goncaves;hombre;10/07/1989;Sales; $ 3,579 ;2;United States
100977;Virge;Galliver;hombre;12/17/1981;Sales; $ 3,066 ;0;United States
100978;Marten;Cork;hombre;09/13/1984;Sales; $ 5,274 ;0;United States
100979;Herbert;Alton;hombre;12/01/1998;Support; $ 5,758 ;0;United States
100980;Roth;Spatig;hombre;09/30/1998;Engineering; $ 4,975 ;2;United States
100981;Hewett;Gent;hombre;08/07/1998;Services; $ 3,965 ;1;United States
100982;Gaylord;Scorey;hombre;07/22/1981;Engineering; $ 5,059 ;0;United States
100983;Augustine;Swallwell;hombre;11/16/1989;Services; $ 4,566 ;0;United States
100984;Palmer;Lackeye;hombre;06/23/1973;Services; $ 4,438 ;1;United States
100985;Chad;Sealove;hombre;11/25/1989;Engineering; $ 5,765 ;1;United States
100986;Marlon;Clem;hombre;08/30/1980;Engineering; $ 4,181 ;0;United States
100987;Hayes;Dalgliesh;hombre;12/14/1980;Services; $ 3,285 ;0;United States
100988;Hugibert;Gurnay;hombre;05/19/1984;Engineering; $ 5,882 ;1;United States
100989;Wendel;Sowten;mujer;04/24/1991;Support; $ 3,723 ;2;United States
100990;Elvin;Cunnah;hombre;04/27/1997;Services; $ 4,131 ;0;United States
100991;Somerset;Dullard;hombre;01/27/1980;Marketing; $ 4,016 ;1;United States
100992;Godfrey;Gelsthorpe;hombre;08/29/1981;Engineering; $ 5,576 ;0;United States
100993;Crystin;Bottrill;mujer;06/24/1990;Engineering; $ 6,779 ;2;United States
100994;Tulley;Frane;hombre;12/15/1988;Sales; $ 4,741 ;0;United States
100995;Justinian;Frankum;hombre;11/01/1988;Engineering; $ 6,532 ;1;United States
100996;Rabbi;Stonnell;mujer;11/08/1991;Support; $ 3,272 ;0;United States
100997;Berkly;Escalante;hombre;12/12/1997;Human Resources; $ 4,492 ;2;United States
100998;Jordan;Harry;hombre;07/16/1977;Support; $ 6,963 ;0;United States
100999;Lauritz;Georgeot;mujer;03/06/1995;Support; $ 5,599 ;1;United States
100008;Cindelyn;Jentin;mujer;09/22/1982;Engineering; $ 5,817 ;1;United States
100009;Granville;Tittershill;hombre;03/16/1992;Sales; $ 3,013 ;1;United States
100010;Marsha;Judron;mujer;06/12/1980;Engineering; $ 5,592 ;2;United States
100011;Thaine;Godber;mujer;12/16/1980;Engineering; $ 4,656 ;2;United States
100404;Ellery;Segar;hombre;06/13/1971;Engineering; $ 4,976 ;1;United States
100405;Justis;Thring;hombre;01/01/1973;Sales; $ 5,205 ;2;United States
100406;Merv;Kabisch;mujer;02/09/1986;Engineering; $ 5,909 ;2;United States
100578;Rupert;Goodsal;hombre;08/24/1972;Support; $ 3,035 ;2;United States
100579;Nils;Gorgler;hombre;01/18/1986;Engineering; $ 4,254 ;0;United States
100580;Baillie;Steinson;hombre;07/23/1975;Services; $ 4,511 ;2;United States
100581;Karney;MacNab;hombre;11/06/1973;Marketing; $ 4,237 ;0;United States
100778;Carlo;Schoenrock;hombre;11/27/1989;Engineering; $ 4,671 ;2;United States
100779;Randal;Andrichak;hombre;10/20/1982;Engineering; $ 4,728 ;1;United States
100787;Val;Dobbing;hombre;06/09/1987;Services; $ 4,931 ;0;United States
100788;Michele;Wright;hombre;05/12/1990;Services; $ 5,275 ;0;United States
100789;Jacques;Malster;hombre;08/31/1973;Engineering; $ 4,392 ;2;United States
100803;Kaiser;Chesley;hombre;09/09/1983;Engineering; $ 6,079 ;0;United States
100804;Berti;Scourfield;hombre;07/29/1982;Sales; $ 5,303 ;0;United States
100805;Gayelord;Savage;hombre;09/07/1994;Services; $ 4,129 ;0;United States
100922;Correy;Ditt;mujer;10/26/1989;Human Resources; $ 3,681 ;0;United States
100923;Krisha;Labuschagne;hombre;06/30/1991;Support; $ 5,685 ;1;United States
100929;Redd;Amesbury;hombre;02/17/1987;Support; $ 3,329 ;1;United States
100964;Wallache;Luckes;hombre;09/20/1971;Support; $ 3,007 ;0;United States
;;;;;;;;
